일자,총수익지수_종가,총수익지수_대비,순가격지수_종가,순가격지수_대비,제로재투자지수_종가,제로재투자지수_대비,콜재투자지수_종가,콜재투자지수_대비,시장가격지수_종가,시장가격지수_대비,듀레이션,컨벡시티,YTM
"2022/06/30","174.40","0.15","104.76","0.09",,,,,,,"4.407","28.325","3.560"
"2022/06/29","174.25","-0.02","104.67","-0.02",,,,,,,"4.406","28.309","3.571"
"2022/06/28","174.27","0.44","104.69","0.26",,,,,,,"4.409","28.337","3.565"
"2022/06/27","173.83","-0.50","104.43","-0.31",,,,,,,"4.405","28.280","3.615"
"2022/06/24","174.33","0.56","104.74","0.32",,,,,,,"4.422","28.471","3.551"
"2022/06/23","173.77","-0.10","104.42","-0.07",,,,,,,"4.420","28.442","3.626"
"2022/06/22","173.87","0.85","104.49","0.50",,,,,,,"4.422","28.462","3.602"
"2022/06/21","173.02","0.13","103.99","0.07",,,,,,,"4.419","28.430","3.732"
"2022/06/20","172.89","0.02","103.92","0.00",,,,,,,"4.426","28.535","3.760"
"2022/06/17","172.87","-0.15","103.92","-0.10",,,,,,,"4.421","28.451","3.735"
"2022/06/16","173.02","3.11","104.02","1.86",,,,,,,"4.427","28.522","3.720"
"2022/06/15","169.91","-0.57","102.16","-0.35",,,,,,,"4.451","28.806","4.460"
"2022/06/14","170.48","0.08","102.51","0.04",,,,,,,"4.462","28.949","4.382"
"2022/06/13","170.40","-4.78","102.47","-2.51",,,,,,,"4.433","28.552","4.364"
"2022/06/10","175.18","-0.29","104.98","-0.58",,,,,,,"4.444","28.673","3.404"
"2022/06/09","175.47","-0.01","105.56","-0.01",,,,,,,"4.327","28.110","3.393"
"2022/06/08","175.48","0.37","105.57","0.22",,,,,,,"4.338","28.261","3.397"
"2022/06/07","175.11","-0.93","105.35","-0.57",,,,,,,"4.335","28.210","3.435"
"2022/06/03","176.04","0.10","105.92","0.04",,,,,,,"4.359","28.462","3.309"
"2022/06/02","175.94","-0.73","105.88","-0.45",,,,,,,"4.360","28.462","3.317"
"2022/05/31","176.67","-0.87","106.33","-0.54",,,,,,,"4.374","28.614","3.217"
"2022/05/30","177.54","0.09","106.87","0.05",,,,,,,"4.389","28.785","3.111"
"2022/05/27","177.45","0.17","106.82","0.09",,,,,,,"4.396","28.846","3.116"
"2022/05/26","177.28","-0.37","106.73","-0.23",,,,,,,"4.396","28.845","3.132"
"2022/05/25","177.65","0.34","106.96","0.20",,,,,,,"4.406","28.953","3.091"
"2022/05/24","177.31","0.39","106.76","0.23",,,,,,,"4.404","28.928","3.131"
"2022/05/23","176.92","-0.04","106.53","-0.03",,,,,,,"4.404","28.954","3.179"
"2022/05/20","176.96","0.43","106.56","0.24",,,,,,,"4.414","29.059","3.172"
"2022/05/19","176.53","0.13","106.32","0.08",,,,,,,"4.410","29.001","3.218"
"2022/05/18","176.40","-0.25","106.24","-0.16",,,,,,,"4.412","29.022","3.237"
"2022/05/17","176.65","0.12","106.40","0.06",,,,,,,"4.418","29.080","3.201"
"2022/05/16","176.53","-0.82","106.34","-0.50",,,,,,,"4.404","28.895","3.214"
"2022/05/13","177.35","-0.22","106.84","-0.15",,,,,,,"4.420","29.064","3.091"
"2022/05/12","177.57","0.62","106.99","0.37",,,,,,,"4.431","29.185","3.071"
"2022/05/11","176.95","1.00","106.62","0.60",,,,,,,"4.431","29.160","3.134"
"2022/05/10","175.95","0.13","106.02","0.08",,,,,,,"4.421","29.033","3.256"
"2022/05/09","175.82","0.41","105.94","0.24",,,,,,,"4.431","29.155","3.272"
"2022/05/06","175.41","0.38","105.70","0.21",,,,,,,"4.438","29.213","3.329"
"2022/05/04","175.03","-0.50","105.49","-0.31",,,,,,,"4.441","29.246","3.385"
"2022/05/03","175.53","-0.26","105.80","-0.16",,,,,,,"4.449","29.328","3.314"
"2022/05/02","175.79","-1.03","105.96","-0.64",,,,,,,"4.454","29.376","3.272"
"2022/04/29","176.82","-0.42","106.60","-0.27",,,,,,,"4.475","29.612","3.139"
"2022/04/28","177.24","-0.21","106.87","-0.13",,,,,,,"4.486","29.753","3.093"
"2022/04/27","177.45","0.12","107.00","0.07",,,,,,,"4.489","29.776","3.054"
"2022/04/26","177.33","0.17","106.93","0.09",,,,,,,"4.489","29.764","3.058"
"2022/04/25","177.16","1.09","106.84","0.66",,,,,,,"4.491","29.824","3.078"
"2022/04/22","176.07","-0.52","106.18","-0.34",,,,,,,"4.484","29.724","3.202"
"2022/04/21","176.59","0.27","106.52","0.16",,,,,,,"4.489","29.765","3.133"
"2022/04/20","176.32","0.31","106.36","0.19",,,,,,,"4.488","29.753","3.169"
"2022/04/19","176.01","-0.05","106.17","-0.04",,,,,,,"4.486","29.710","3.202"
"2022/04/18","176.06","-0.45","106.21","-0.28",,,,,,,"4.473","29.546","3.195"
"2022/04/15","176.51","-0.38","106.49","-0.24",,,,,,,"4.488","29.698","3.136"
"2022/04/14","176.89","0.59","106.73","0.35",,,,,,,"4.500","29.842","3.087"
"2022/04/13","176.30","0.54","106.38","0.32",,,,,,,"4.499","29.825","3.172"
"2022/04/12","175.76","0.12","106.06","0.07",,,,,,,"4.506","29.891","3.252"
"2022/04/11","175.64","-1.23","105.99","-0.76",,,,,,,"4.521","30.075","3.285"
"2022/04/08","176.87","-0.43","106.75","-0.27",,,,,,,"4.541","30.292","3.112"
"2022/04/07","177.30","0.21","107.02","0.12",,,,,,,"4.547","30.353","3.051"
"2022/04/06","177.09","-0.45","106.90","-0.28",,,,,,,"4.549","30.379","3.079"
"2022/04/05","177.54","-0.14","107.18","-0.09",,,,,,,"4.556","30.459","3.019"
"2022/04/04","177.68","-0.50","107.27","-0.31",,,,,,,"4.560","30.497","2.995"
"2022/04/01","178.18","-0.53","107.58","-0.34",,,,,,,"4.577","30.680","2.931"
"2022/03/31","178.71","-0.58","107.92","-0.36",,,,,,,"4.582","30.736","2.846"
"2022/03/30","179.29","0.74","108.28","0.45",,,,,,,"4.594","30.889","2.781"
"2022/03/29","178.55","0.50","107.83","0.29",,,,,,,"4.588","30.811","2.870"
"2022/03/28","178.05","-1.66","107.54","-1.01",,,,,,,"4.586","30.831","2.924"
"2022/03/25","179.71","-0.24","108.55","-0.16",,,,,,,"4.609","31.082","2.701"
"2022/03/24","179.95","-0.13","108.71","-0.09",,,,,,,"4.613","31.115","2.662"
"2022/03/23","180.08","-0.06","108.80","-0.04",,,,,,,"4.617","31.159","2.643"
"2022/03/22","180.14","-0.85","108.84","-0.52",,,,,,,"4.619","31.174","2.628"
"2022/03/21","180.99","-0.18","109.36","-0.12",,,,,,,"4.601","30.928","2.514"
"2022/03/18","181.17","-0.18","109.48","-0.12",,,,,,,"4.611","31.025","2.483"
"2022/03/17","181.35","0.52","109.60","0.31",,,,,,,"4.621","31.139","2.464"
"2022/03/16","180.83","0.01","109.29","0.00",,,,,,,"4.618","31.097","2.522"
"2022/03/15","180.82","-0.12","109.29","-0.08",,,,,,,"4.629","31.209","2.528"
"2022/03/14","180.94","-0.24","109.37","-0.15",,,,,,,"4.650","31.442","2.519"
"2022/03/11","181.18","-0.12","109.52","0.06",,,,,,,"4.661","31.560","2.487"
"2022/03/10","181.30","-0.08","109.46","-0.20",,,,,,,"4.662","31.553","2.466"
"2022/03/08","181.38","-0.06","109.66","-0.05",,,,,,,"4.482","29.657","2.480"
"2022/03/07","181.44","-0.43","109.71","-0.27",,,,,,,"4.487","29.715","2.476"
"2022/03/04","181.87","-0.16","109.98","-0.11",,,,,,,"4.499","29.838","2.413"
"2022/03/03","182.03","-0.21","110.09","-0.14",,,,,,,"4.504","29.891","2.388"
"2022/03/02","182.24","0.52","110.23","0.31",,,,,,,"4.510","29.968","2.368"
"2022/02/28","181.72","0.04","109.92","0.02",,,,,,,"4.512","29.989","2.427"
"2022/02/25","181.68","-0.31","109.90","-0.21",,,,,,,"4.520","30.066","2.427"
"2022/02/24","181.99","0.80","110.11","0.48",,,,,,,"4.518","30.025","2.393"
"2022/02/23","181.19","0.01","109.63","0.01",,,,,,,"4.511","29.934","2.489"
"2022/02/22","181.18","0.41","109.62","0.24",,,,,,,"4.514","29.971","2.493"
"2022/02/21","180.77","-0.31","109.38","-0.19",,,,,,,"4.483","29.557","2.536"
"2022/02/18","181.08","-0.21","109.57","-0.15",,,,,,,"4.495","29.678","2.490"
"2022/02/17","181.29","0.08","109.72","0.05",,,,,,,"4.506","29.796","2.463"
"2022/02/16","181.21","0.12","109.67","0.07",,,,,,,"4.510","29.839","2.480"
"2022/02/15","181.09","0.04","109.60","0.02",,,,,,,"4.517","29.916","2.495"
"2022/02/14","181.05","0.27","109.58","0.15",,,,,,,"4.534","30.103","2.501"
"2022/02/11","180.78","-0.59","109.43","-0.37",,,,,,,"4.538","30.127","2.522"
"2022/02/10","181.37","0.11","109.80","0.06",,,,,,,"4.546","30.223","2.445"
"2022/02/09","181.26","0.38","109.74","0.23",,,,,,,"4.549","30.246","2.459"
"2022/02/08","180.88","-0.76","109.51","-0.47",,,,,,,"4.547","30.210","2.500"
"2022/02/07","181.64","-0.20","109.98","-0.13",,,,,,,"4.560","30.366","2.413"
"2022/02/04","181.84","-0.37","110.11","-0.24",,,,,,,"4.569","30.452","2.378"
"2022/02/03","182.21","0.25","110.35","0.15",,,,,,,"4.577","30.551","2.337"
"2022/01/28","181.96","0.27","110.20","0.13",,,,,,,"4.593","30.701","2.359"
"2022/01/27","181.69","-0.41","110.07","-0.25",,,,,,,"4.593","30.696","2.390"
"2022/01/26","182.10","0.10","110.32","0.05",,,,,,,"4.599","30.765","2.335"
"2022/01/25","182.00","-0.42","110.27","-0.26",,,,,,,"4.603","30.807","2.351"
"2022/01/24","182.42","0.13","110.53","0.08",,,,,,,"4.611","30.922","2.293"
"2022/01/21","182.29","0.03","110.45","0.00",,,,,,,"4.619","31.003","2.309"
"2022/01/20","182.26","-0.28","110.45","-0.17",,,,,,,"4.618","30.977","2.305"
"2022/01/19","182.54","0.32","110.62","0.18",,,,,,,"4.622","31.013","2.265"
"2022/01/18","182.22","0.13","110.44","0.08",,,,,,,"4.622","31.018","2.307"
"2022/01/17","182.09","-0.92","110.36","-0.57",,,,,,,"4.597","30.683","2.322"
"2022/01/14","183.01","-0.59","110.93","-0.37",,,,,,,"4.617","30.904","2.211"
"2022/01/13","183.60","0.35","111.30","0.20",,,,,,,"4.627","31.016","2.133"
"2022/01/12","183.25","0.46","111.10","0.28",,,,,,,"4.627","31.015","2.174"
"2022/01/11","182.79","0.03","110.82","0.01",,,,,,,"4.629","31.026","2.225"
"2022/01/10","182.76","-0.18","110.81","-0.11",,,,,,,"4.648","31.233","2.235"
"2022/01/07","182.94","1.77","110.92","1.06",,,,,,,"4.658","31.343","2.206"
"2022/01/06","181.17","-0.94","109.86","-0.58",,,,,,,"4.674","31.527","2.598"
"2022/01/05","182.11","-0.48","110.44","-0.30",,,,,,,"4.687","31.685","2.486"
"2022/01/04","182.59","0.06","110.74","0.03",,,,,,,"4.696","31.793","2.432"
"2022/01/03","182.53","-0.56","110.71","-0.34",,,,,,,"4.697","31.794","2.432"
"2021/12/30","183.09","-0.44","111.05","-0.29",,,,,,,"4.711","31.955","2.365"
"2021/12/29","183.53","0.17","111.34","0.10",,,,,,,"4.722","32.094","2.326"
"2021/12/28","183.36","-0.02","111.24","-0.02",,,,,,,"4.722","32.086","2.340"
"2021/12/27","183.38","0.15","111.26","0.09",,,,,,,"4.724","32.097","2.331"
"2021/12/24","183.23","0.10","111.17","0.04",,,,,,,"4.732","32.187","2.350"
"2021/12/23","183.13","-0.60","111.13","-0.36",,,,,,,"4.734","32.199","2.359"
"2021/12/22","183.73","-0.31","111.49","-0.20",,,,,,,"4.745","32.330","2.295"
"2021/12/21","184.04","0.06","111.69","0.03",,,,,,,"4.751","32.398","2.257"
"2021/12/20","183.98","0.37","111.66","0.22",,,,,,,"4.755","32.468","2.268"
"2021/12/17","183.61","0.00","111.44","-0.02",,,,,,,"4.759","32.490","2.303"
"2021/12/16","183.61","0.27","111.46","0.17",,,,,,,"4.761","32.517","2.301"
"2021/12/15","183.34","-0.06","111.29","-0.05",,,,,,,"4.763","32.538","2.338"
"2021/12/14","183.40","0.85","111.34","0.51",,,,,,,"4.766","32.559","2.325"
"2021/12/13","182.55","-2.24","110.83","-1.08",,,,,,,"4.737","32.160","2.381"
"2021/12/10","184.79","0.52","111.91","0.02",,,,,,,"4.746","32.280","1.966"
"2021/12/09","184.27","0.16","111.89","0.09",,,,,,,"4.448","29.681","1.928"
"2021/12/08","184.11","0.38","111.80","0.23",,,,,,,"4.454","29.741","1.955"
"2021/12/07","183.73","-0.18","111.57","-0.11",,,,,,,"4.451","29.699","1.998"
"2021/12/06","183.91","0.24","111.68","0.14",,,,,,,"4.457","29.779","1.978"
"2021/12/03","183.67","-0.40","111.54","-0.26",,,,,,,"4.463","29.830","2.007"
"2021/12/02","184.07","-0.12","111.80","-0.08",,,,,,,"4.470","29.895","1.952"
"2021/12/01","184.19","0.29","111.88","0.18",,,,,,,"4.474","29.938","1.934"
"2021/11/30","183.90","0.36","111.70","0.21",,,,,,,"4.471","29.900","1.957"
"2021/11/29","183.54","0.00","111.49","0.00",,,,,,,"4.469","29.863","1.997"
"2021/11/26","183.54","0.77","111.49","0.46",,,,,,,"4.479","29.963","2.001"
"2021/11/25","182.77","0.51","111.03","0.30",,,,,,,"4.472","29.887","2.090"
"2021/11/24","182.26","0.09","110.73","0.05",,,,,,,"4.471","29.863","2.158"
"2021/11/23","182.17","-0.08","110.68","-0.05",,,,,,,"4.475","29.904","2.172"
"2021/11/22","182.25","-0.25","110.73","-0.16",,,,,,,"4.478","29.961","2.158"
"2021/11/19","182.50","-0.18","110.89","-0.12",,,,,,,"4.488","30.049","2.116"
"2021/11/18","182.68","0.12","111.01","0.07",,,,,,,"4.493","30.106","2.096"
"2021/11/17","182.56","-0.13","110.94","-0.09",,,,,,,"4.495","30.115","2.111"
"2021/11/16","182.69","-0.33","111.03","-0.20",,,,,,,"4.500","30.172","2.096"
"2021/11/15","183.02","0.43","111.23","0.26",,,,,,,"4.498","30.136","2.053"
"2021/11/12","182.59","-0.19","110.97","-0.13",,,,,,,"4.502","30.168","2.104"
"2021/11/11","182.78","-0.24","111.10","-0.15",,,,,,,"4.506","30.195","2.067"
"2021/11/10","183.02","-0.03","111.25","-0.02",,,,,,,"4.516","30.305","2.037"
"2021/11/09","183.05","0.29","111.27","0.17",,,,,,,"4.523","30.385","2.032"
"2021/11/08","182.76","0.20","111.10","0.12",,,,,,,"4.526","30.414","2.066"
"2021/11/05","182.56","0.70","110.98","0.42",,,,,,,"4.521","30.350","2.091"
"2021/11/04","181.86","0.26","110.56","0.15",,,,,,,"4.517","30.286","2.179"
"2021/11/03","181.60","0.09","110.41","0.05",,,,,,,"4.515","30.250","2.199"
"2021/11/02","181.51","0.38","110.36","0.23",,,,,,,"4.516","30.262","2.207"
"2021/11/01","181.13","0.46","110.13","0.27",,,,,,,"4.517","30.265","2.260"
"2021/10/29","180.67","-1.25","109.86","-0.77",,,,,,,"4.516","30.229","2.295"
"2021/10/28","181.92","0.58","110.63","0.34",,,,,,,"4.539","30.509","2.165"
"2021/10/27","181.34","-0.41","110.29","-0.25",,,,,,,"4.532","30.410","2.219"
"2021/10/26","181.75","-0.22","110.54","-0.13",,,,,,,"4.536","30.448","2.154"
"2021/10/25","181.97","-0.18","110.67","-0.12",,,,,,,"4.543","30.562","2.127"
"2021/10/22","182.15","-0.29","110.79","-0.19",,,,,,,"4.539","30.510","2.095"
"2021/10/21","182.44","0.04","110.98","0.02",,,,,,,"4.539","30.497","2.051"
"2021/10/20","182.40","-0.01","110.96","-0.01",,,,,,,"4.541","30.516","2.057"
"2021/10/19","182.41","0.15","110.97","0.09",,,,,,,"4.545","30.551","2.061"
"2021/10/18","182.26","-0.47","110.88","-0.30",,,,,,,"4.533","30.394","2.075"
"2021/10/15","182.73","0.05","111.18","0.02",,,,,,,"4.545","30.520","2.007"
"2021/10/14","182.68","0.28","111.16","0.17",,,,,,,"4.549","30.558","2.019"
"2021/10/13","182.40","0.21","110.99","0.12",,,,,,,"4.551","30.566","2.042"
"2021/10/12","182.19","-0.72","110.87","-0.44",,,,,,,"4.556","30.618","2.056"
"2021/10/08","182.91","0.11","111.31","0.05",,,,,,,"4.573","30.807","1.956"
"2021/10/07","182.80","0.18","111.26","0.11",,,,,,,"4.575","30.814","1.966"
"2021/10/06","182.62","-0.85","111.15","-0.53",,,,,,,"4.575","30.811","1.986"
"2021/10/05","183.47","-0.19","111.68","-0.12",,,,,,,"4.590","30.997","1.893"
"2021/10/01","183.66","-0.25","111.80","-0.17",,,,,,,"4.605","31.144","1.870"
"2021/09/30","183.91","1.92","111.97","1.17",,,,,,,"4.609","31.192","1.835"
"2021/09/29","181.99","0.11","110.80","0.07",,,,,,,"4.610","31.281","2.093"
"2021/09/28","181.88","-0.54","110.73","-0.34",,,,,,,"4.610","31.276","2.100"
"2021/09/27","182.42","-0.11","111.07","-0.07",,,,,,,"4.623","31.464","2.039"
"2021/09/24","182.53","-0.35","111.14","-0.23",,,,,,,"4.634","31.577","2.028"
"2021/09/23","182.88","-0.19","111.37","-0.12",,,,,,,"4.643","31.684","1.994"
"2021/09/17","183.07","-0.21","111.49","-0.15",,,,,,,"4.659","31.844","1.967"
"2021/09/16","183.28","-0.16","111.64","-0.10",,,,,,,"4.664","31.899","1.941"
"2021/09/15","183.44","0.35","111.74","0.21",,,,,,,"4.668","31.947","1.921"
"2021/09/14","183.09","-0.17","111.53","-0.11",,,,,,,"4.667","31.930","1.962"
"2021/09/13","183.26","-0.40","111.64","-0.15",,,,,,,"4.648","31.679","1.944"
"2021/09/10","183.66","-1.61","111.79","-1.09",,,,,,,"4.659","31.787","1.890"
"2021/09/09","185.27","0.05","112.88","0.02",,,,,,,"4.596","30.868","1.686"
"2021/09/08","185.22","-0.29","112.86","-0.18",,,,,,,"4.601","30.914","1.684"
"2021/09/07","185.51","0.04","113.04","0.02",,,,,,,"4.608","30.994","1.652"
"2021/09/06","185.47","-0.22","113.02","-0.14",,,,,,,"4.624","31.158","1.657"
"2021/09/03","185.69","-0.08","113.16","-0.06",,,,,,,"4.635","31.273","1.629"
"2021/09/02","185.77","-0.03","113.22","-0.02",,,,,,,"4.633","31.246","1.616"
"2021/09/01","185.80","-0.18","113.24","-0.11",,,,,,,"4.636","31.273","1.611"
"2021/08/31","185.98","0.01","113.35","-0.01",,,,,,,"4.640","31.322","1.589"
"2021/08/30","185.97","0.21","113.36","0.13",,,,,,,"4.644","31.362","1.591"
"2021/08/27","185.76","-0.11","113.23","-0.08",,,,,,,"4.644","31.337","1.607"
"2021/08/26","185.87","0.20","113.31","0.12",,,,,,,"4.648","31.390","1.596"
"2021/08/25","185.67","0.02","113.19","0.01",,,,,,,"4.651","31.414","1.626"
"2021/08/24","185.65","-0.42","113.18","-0.26",,,,,,,"4.653","31.435","1.625"
"2021/08/23","186.07","-0.29","113.44","-0.19",,,,,,,"4.662","31.562","1.576"
"2021/08/20","186.36","0.08","113.63","0.04",,,,,,,"4.665","31.571","1.541"
"2021/08/19","186.28","0.19","113.59","0.12",,,,,,,"4.665","31.558","1.545"
"2021/08/18","186.09","0.10","113.47","0.06",,,,,,,"4.666","31.569","1.570"
"2021/08/17","185.99","0.22","113.41","0.12",,,,,,,"4.639","31.200","1.579"
"2021/08/13","185.77","0.02","113.29","0.00",,,,,,,"4.645","31.249","1.595"
"2021/08/12","185.75","0.06","113.29","0.03",,,,,,,"4.652","31.321","1.598"
"2021/08/11","185.69","-0.02","113.26","-0.01",,,,,,,"4.660","31.408","1.604"
"2021/08/10","185.71","0.03","113.27","0.01",,,,,,,"4.665","31.463","1.606"
"2021/08/09","185.68","-0.01","113.26","-0.01",,,,,,,"4.683","31.666","1.612"
"2021/08/06","185.69","-0.18","113.27","-0.12",,,,,,,"4.692","31.761","1.610"
"2021/08/05","185.87","-0.10","113.39","-0.07",,,,,,,"4.697","31.814","1.588"
"2021/08/04","185.97","0.24","113.46","0.15",,,,,,,"4.702","31.870","1.581"
"2021/08/03","185.73","0.03","113.31","0.01",,,,,,,"4.702","31.859","1.607"
"2021/08/02","185.70","-0.14","113.30","-0.09",,,,,,,"4.703","31.859","1.604"
"2021/07/30","185.84","0.09","113.39","0.05",,,,,,,"4.714","31.976","1.586"
"2021/07/29","185.75","-0.17","113.34","-0.11",,,,,,,"4.716","31.995","1.598"
"2021/07/28","185.92","-0.07","113.45","-0.05",,,,,,,"4.721","32.060","1.580"
"2021/07/27","185.99","-0.07","113.50","-0.05",,,,,,,"4.722","32.059","1.562"
"2021/07/26","186.06","0.28","113.55","0.17",,,,,,,"4.726","32.102","1.554"
"2021/07/23","185.78","0.19","113.38","0.11",,,,,,,"4.730","32.137","1.581"
"2021/07/22","185.59","-0.30","113.27","-0.19",,,,,,,"4.731","32.137","1.596"
"2021/07/21","185.89","0.17","113.46","0.10",,,,,,,"4.739","32.233","1.568"
"2021/07/20","185.72","0.56","113.36","0.34",,,,,,,"4.740","32.240","1.588"
"2021/07/19","185.16","0.14","113.02","0.08",,,,,,,"4.737","32.217","1.644"
"2021/07/16","185.02","0.37","112.94","0.21",,,,,,,"4.738","32.217","1.648"
"2021/07/15","184.65","-0.49","112.73","-0.30",,,,,,,"4.738","32.209","1.694"
"2021/07/14","185.14","0.30","113.03","0.18",,,,,,,"4.742","32.246","1.621"
"2021/07/13","184.84","-0.59","112.85","-0.37",,,,,,,"4.741","32.232","1.654"
"2021/07/12","185.43","0.04","113.22","0.02",,,,,,,"4.710","31.807","1.538"
"2021/07/09","185.39","-0.18","113.20","-0.12",,,,,,,"4.717","31.878","1.536"
"2021/07/08","185.57","0.32","113.32","0.19",,,,,,,"4.726","31.981","1.516"
"2021/07/07","185.25","0.64","113.13","0.40",,,,,,,"4.735","32.072","1.559"
"2021/07/06","184.61","0.19","112.73","0.10",,,,,,,"4.730","32.000","1.627"
"2021/07/05","184.42","-0.17","112.63","-0.10",,,,,,,"4.757","32.315","1.696"
"2021/07/02","184.59","-0.17","112.73","-0.12",,,,,,,"4.761","32.339","1.636"
"2021/07/01","184.76","-0.04","112.85","-0.03",,,,,,,"4.764","32.380","1.614"
"2021/06/30","184.80","0.12","112.88","0.07",,,,,,,"4.766","32.397","1.604"
"2021/06/29","184.68","0.31","112.81","0.19",,,,,,,"4.767","32.397","1.615"
"2021/06/28","184.37","-0.31","112.62","-0.19",,,,,,,"4.766","32.377","1.645"
"2021/06/25","184.68","-0.45","112.81","-0.30",,,,,,,"4.781","32.550","1.611"
"2021/06/24","185.13","-0.22","113.11","-0.13",,,,,,,"4.788","32.626","1.555"
"2021/06/23","185.35","0.02","113.24","0.00",,,,,,,"4.791","32.652","1.522"
"2021/06/22","185.33","-0.18","113.24","-0.11",,,,,,,"4.793","32.671","1.521"
"2021/06/21","185.51","0.12","113.35","0.07",,,,,,,"4.805","32.866","1.512"
"2021/06/18","185.39","0.30","113.28","0.17",,,,,,,"4.808","32.881","1.508"
"2021/06/17","185.09","-0.20","113.11","-0.12",,,,,,,"4.795","32.698","1.534"
"2021/06/16","185.29","0.10","113.23","0.05",,,,,,,"4.798","32.733","1.505"
"2021/06/15","185.19","-0.04","113.18","-0.02",,,,,,,"4.800","32.752","1.519"
"2021/06/14","185.23","1.75","113.20","1.06",,,,,,,"4.767","32.293","1.501"
"2021/06/11","183.48","-1.49","112.14","-0.71",,,,,,,"4.727","31.727","1.611"
"2021/06/10","184.97","-0.23","112.85","-0.35",,,,,,,"4.785","32.492","1.565"
"2021/06/09","185.20","0.22","113.20","0.13",,,,,,,"4.463","29.626","1.493"
"2021/06/08","184.98","0.36","113.07","0.21",,,,,,,"4.465","29.643","1.525"
"2021/06/07","184.62","0.17","112.86","0.11",,,,,,,"4.465","29.692","1.568"
"2021/06/04","184.45","-0.03","112.75","-0.03",,,,,,,"4.470","29.725","1.580"
"2021/06/03","184.48","0.08","112.78","0.04",,,,,,,"4.472","29.738","1.570"
"2021/06/02","184.40","-0.05","112.74","-0.04",,,,,,,"4.474","29.753","1.576"
"2021/06/01","184.45","0.05","112.78","0.03",,,,,,,"4.478","29.803","1.574"
"2021/05/31","184.40","-0.47","112.75","-0.29",,,,,,,"4.481","29.834","1.583"
"2021/05/28","184.87","-0.16","113.04","-0.11",,,,,,,"4.499","30.014","1.522"
"2021/05/27","185.03","0.20","113.15","0.12",,,,,,,"4.504","30.073","1.498"
"2021/05/26","184.83","-0.02","113.03","-0.02",,,,,,,"4.505","30.090","1.527"
"2021/05/25","184.85","-0.10","113.05","-0.06",,,,,,,"4.507","30.098","1.518"
"2021/05/24","184.95","-0.08","113.11","-0.05",,,,,,,"4.511","30.190","1.503"
"2021/05/21","185.03","0.15","113.16","0.08",,,,,,,"4.515","30.208","1.486"
"2021/05/20","184.88","-0.12","113.08","-0.08",,,,,,,"4.516","30.218","1.501"
"2021/05/18","185.00","0.01","113.16","0.00",,,,,,,"4.524","30.297","1.489"
"2021/05/17","184.99","0.29","113.16","0.18",,,,,,,"4.506","30.068","1.489"
"2021/05/14","184.70","0.03","112.98","0.00",,,,,,,"4.510","30.089","1.513"
"2021/05/13","184.67","-0.19","112.98","-0.12",,,,,,,"4.517","30.153","1.517"
"2021/05/12","184.86","0.08","113.10","0.05",,,,,,,"4.523","30.220","1.500"
"2021/05/11","184.78","0.04","113.05","0.02",,,,,,,"4.534","30.331","1.510"
"2021/05/10","184.74","0.01","113.03","0.00",,,,,,,"4.549","30.517","1.517"
"2021/05/07","184.73","-0.13","113.03","-0.09",,,,,,,"4.558","30.609","1.519"
"2021/05/06","184.86","0.18","113.12","0.11",,,,,,,"4.564","30.676","1.509"
"2021/05/04","184.68","-0.05","113.01","-0.04",,,,,,,"4.567","30.690","1.527"
"2021/05/03","184.73","0.02","113.05","0.01",,,,,,,"4.570","30.722","1.518"
"2021/04/30","184.71","-0.22","113.04","-0.15",,,,,,,"4.581","30.829","1.517"
"2021/04/29","184.93","-0.10","113.19","-0.06",,,,,,,"4.587","30.892","1.491"
"2021/04/28","185.03","-0.10","113.25","-0.07",,,,,,,"4.591","30.937","1.478"
"2021/04/27","185.13","0.19","113.32","0.11",,,,,,,"4.594","30.969","1.465"
"2021/04/26","184.94","-0.22","113.21","-0.13",,,,,,,"4.596","31.034","1.484"
"2021/04/23","185.16","-0.26","113.34","-0.18",,,,,,,"4.609","31.179","1.466"
"2021/04/22","185.42","0.10","113.52","0.06",,,,,,,"4.611","31.201","1.441"
"2021/04/21","185.32","0.04","113.46","0.02",,,,,,,"4.613","31.212","1.450"
"2021/04/20","185.28","-0.11","113.44","-0.06",,,,,,,"4.616","31.240","1.459"
"2021/04/19","185.39","0.32","113.50","0.18",,,,,,,"4.601","31.050","1.448"
"2021/04/16","185.07","0.00","113.32","0.00",,,,,,,"4.605","31.070","1.478"
"2021/04/15","185.07","-0.36","113.32","-0.23",,,,,,,"4.607","31.093","1.476"
"2021/04/14","185.43","0.30","113.55","0.18",,,,,,,"4.614","31.169","1.432"
"2021/04/13","185.13","-0.09","113.37","-0.06",,,,,,,"4.621","31.237","1.465"
"2021/04/12","185.22","0.21","113.43","0.13",,,,,,,"4.639","31.463","1.462"
"2021/04/09","185.01","-0.18","113.30","-0.12",,,,,,,"4.646","31.522","1.487"
"2021/04/08","185.19","0.37","113.42","0.22",,,,,,,"4.650","31.570","1.465"
"2021/04/07","184.82","0.07","113.20","0.04",,,,,,,"4.648","31.526","1.501"
"2021/04/06","184.75","0.27","113.16","0.16",,,,,,,"4.650","31.547","1.508"
"2021/04/05","184.48","-0.46","113.00","-0.28",,,,,,,"4.650","31.539","1.538"
"2021/04/02","184.94","-0.07","113.28","-0.06",,,,,,,"4.662","31.674","1.482"
"2021/04/01","185.01","0.21","113.34","0.12",,,,,,,"4.668","31.738","1.476"
"2021/03/31","184.80","0.11","113.22","0.07",,,,,,,"4.667","31.715","1.494"
"2021/03/30","184.69","-0.58","113.15","-0.36",,,,,,,"4.668","31.730","1.508"
"2021/03/29","185.27","0.09","113.51","0.05",,,,,,,"4.680","31.864","1.450"
"2021/03/26","185.18","-0.22","113.46","-0.14",,,,,,,"4.687","31.934","1.454"
"2021/03/25","185.40","0.20","113.60","0.11",,,,,,,"4.693","32.009","1.433"
"2021/03/24","185.20","0.28","113.49","0.17",,,,,,,"4.693","32.004","1.449"
"2021/03/23","184.92","0.15","113.32","0.09",,,,,,,"4.692","31.996","1.477"
"2021/03/22","184.77","0.19","113.23","0.12",,,,,,,"4.693","32.049","1.483"
"2021/03/19","184.58","0.27","113.11","0.15",,,,,,,"4.695","32.053","1.494"
"2021/03/18","184.31","0.14","112.96","0.08",,,,,,,"4.687","31.939","1.510"
"2021/03/17","184.17","-0.22","112.88","-0.14",,,,,,,"4.691","31.982","1.537"
"2021/03/16","184.39","0.48","113.02","0.30",,,,,,,"4.697","32.048","1.520"
"2021/03/15","183.91","-0.36","112.72","-0.23",,,,,,,"4.661","31.576","1.574"
"2021/03/12","184.27","1.27","112.95","0.77",,,,,,,"4.677","31.765","1.543"
"2021/03/11","183.00","-1.60","112.18","-0.89",,,,,,,"4.684","31.912","1.714"
"2021/03/10","184.60","-0.25","113.07","-0.26",,,,,,,"4.695","31.962","1.508"
"2021/03/09","184.85","-0.39","113.33","-0.24",,,,,,,"4.596","30.858","1.519"
"2021/03/08","185.24","-0.39","113.57","-0.24",,,,,,,"4.619","31.096","1.465"
"2021/03/05","185.63","-0.16","113.81","-0.11",,,,,,,"4.630","31.204","1.409"
"2021/03/04","185.79","-0.15","113.92","-0.10",,,,,,,"4.634","31.246","1.386"
"2021/03/03","185.94","0.16","114.02","0.09",,,,,,,"4.639","31.313","1.370"
"2021/03/02","185.78","0.05","113.93","0.04",,,,,,,"4.641","31.331","1.390"
"2021/02/26","185.73","-0.63","113.89","-0.41",,,,,,,"4.658","31.501","1.392"
"2021/02/25","186.36","-0.11","114.30","-0.07",,,,,,,"4.671","31.669","1.329"
"2021/02/24","186.47","0.35","114.37","0.21",,,,,,,"4.676","31.735","1.324"
"2021/02/23","186.12","0.10","114.16","0.06",,,,,,,"4.673","31.683","1.355"
"2021/02/22","186.02","-0.39","114.10","-0.24",,,,,,,"4.676","31.740","1.362"
"2021/02/19","186.41","-0.14","114.34","-0.10",,,,,,,"4.691","31.902","1.320"
"2021/02/18","186.55","0.09","114.44","0.05",,,,,,,"4.689","31.870","1.304"
"2021/02/17","186.46","-0.06","114.39","-0.04",,,,,,,"4.691","31.886","1.313"
"2021/02/16","186.52","0.17","114.43","0.10",,,,,,,"4.695","31.926","1.309"
"2021/02/15","186.35","-0.16","114.33","-0.10",,,,,,,"4.659","31.447","1.319"
"2021/02/10","186.51","-0.17","114.43","-0.13",,,,,,,"4.682","31.693","1.305"
"2021/02/09","186.68","0.13","114.56","0.08",,,,,,,"4.687","31.755","1.287"
"2021/02/08","186.55","-0.21","114.48","-0.13",,,,,,,"4.709","31.994","1.305"
"2021/02/05","186.76","0.04","114.61","0.01",,,,,,,"4.721","32.123","1.282"
"2021/02/04","186.72","-0.13","114.60","-0.09",,,,,,,"4.724","32.150","1.287"
"2021/02/03","186.85","-0.04","114.69","-0.02",,,,,,,"4.729","32.218","1.275"
"2021/02/02","186.89","0.33","114.71","0.19",,,,,,,"4.733","32.261","1.274"
"2021/02/01","186.56","-0.25","114.52","-0.15",,,,,,,"4.731","32.222","1.304"
"2021/01/29","186.81","0.07","114.67","0.03",,,,,,,"4.743","32.351","1.276"
"2021/01/28","186.74","-0.01","114.64","-0.01",,,,,,,"4.746","32.393","1.283"
"2021/01/27","186.75","0.17","114.65","0.10",,,,,,,"4.750","32.441","1.285"
"2021/01/26","186.58","0.02","114.55","0.01",,,,,,,"4.751","32.451","1.307"
"2021/01/25","186.56","-0.12","114.54","-0.08",,,,,,,"4.756","32.536","1.307"
"2021/01/22","186.68","-0.36","114.62","-0.23",,,,,,,"4.767","32.648","1.293"
"2021/01/21","187.04","-0.01","114.85","-0.01",,,,,,,"4.764","32.602","1.257"
"2021/01/20","187.05","0.07","114.86","0.04",,,,,,,"4.767","32.631","1.257"
"2021/01/19","186.98","0.08","114.82","0.05",,,,,,,"4.769","32.656","1.262"
"2021/01/18","186.90","0.08","114.77","0.04",,,,,,,"4.734","32.173","1.263"
"2021/01/15","186.82","0.13","114.73","0.07",,,,,,,"4.741","32.244","1.269"
"2021/01/14","186.69","-0.11","114.66","-0.07",,,,,,,"4.742","32.257","1.284"
"2021/01/13","186.80","-0.01","114.73","-0.01",,,,,,,"4.747","32.305","1.272"
"2021/01/12","186.81","-0.14","114.74","-0.10",,,,,,,"4.751","32.352","1.276"
"2021/01/11","186.95","0.31","114.84","0.19",,,,,,,"4.779","32.674","1.266"
"2021/01/08","186.64","-0.11","114.65","-0.08",,,,,,,"4.782","32.686","1.291"
"2021/01/07","186.75","0.02","114.73","0.01",,,,,,,"4.786","32.734","1.278"
"2021/01/06","186.73","-0.30","114.72","-0.18",,,,,,,"4.788","32.747","1.277"
"2021/01/05","187.03","0.28","114.90","0.16",,,,,,,"4.795","32.837","1.249"
"2021/01/04","186.75","0.06","114.74","0.04",,,,,,,"4.794","32.817","1.275"
"2020/12/30","186.69","-0.05","114.70","-0.05",,,,,,,"4.810","32.983","1.286"
"2020/12/29","186.74","-0.10","114.75","-0.07",,,,,,,"4.813","33.015","1.279"
"2020/12/28","186.84","-0.05","114.82","-0.03",,,,,,,"4.817","33.066","1.268"
"2020/12/24","186.89","-0.30","114.85","-0.20",,,,,,,"4.828","33.182","1.257"
"2020/12/23","187.19","0.21","115.05","0.12",,,,,,,"4.836","33.271","1.228"
"2020/12/22","186.98","0.13","114.93","0.08",,,,,,,"4.836","33.270","1.249"
"2020/12/21","186.85","0.18","114.85","0.11",,,,,,,"4.838","33.282","1.264"
"2020/12/18","186.67","1.12","114.74","0.68",,,,,,,"4.840","33.295","1.278"
"2020/12/17","185.55","-0.29","114.06","-0.19",,,,,,,"4.848","33.391","1.498"
"2020/12/16","185.84","-0.10","114.25","-0.07",,,,,,,"4.856","33.492","1.472"
"2020/12/15","185.94","0.00","114.32","0.00",,,,,,,"4.861","33.541","1.462"
"2020/12/14","185.94","1.35","114.32","0.83",,,,,,,"4.846","33.327","1.459"
"2020/12/11","184.59","-2.35","113.49","-1.24",,,,,,,"4.819","32.935","1.542"
"2020/12/10","186.94","-0.27","114.73","-0.39",,,,,,,"4.849","33.358","1.249"
"2020/12/09","187.21","-0.08","115.12","-0.05",,,,,,,"4.445","29.352","1.233"
"2020/12/08","187.29","0.01","115.17","0.00",,,,,,,"4.450","29.400","1.227"
"2020/12/07","187.28","0.03","115.17","0.01",,,,,,,"4.453","29.454","1.227"
"2020/12/04","187.25","0.16","115.16","0.09",,,,,,,"4.461","29.524","1.228"
"2020/12/03","187.09","0.06","115.07","0.04",,,,,,,"4.462","29.530","1.246"
"2020/12/02","187.03","-0.10","115.03","-0.07",,,,,,,"4.464","29.543","1.251"
"2020/12/01","187.13","0.04","115.10","0.02",,,,,,,"4.469","29.597","1.243"
"2020/11/30","187.09","-0.11","115.08","-0.07",,,,,,,"4.471","29.647","1.246"
"2020/11/27","187.20","0.09","115.15","0.04",,,,,,,"4.482","29.747","1.234"
"2020/11/26","187.11","-0.20","115.11","-0.13",,,,,,,"4.483","29.751","1.241"
"2020/11/25","187.31","-0.12","115.24","-0.08",,,,,,,"4.489","29.816","1.220"
"2020/11/24","187.43","-0.13","115.32","-0.08",,,,,,,"4.494","29.870","1.209"
"2020/11/23","187.56","0.18","115.40","0.11",,,,,,,"4.499","29.927","1.195"
"2020/11/20","187.38","-0.04","115.29","-0.04",,,,,,,"4.501","29.930","1.210"
"2020/11/19","187.42","-0.05","115.33","-0.03",,,,,,,"4.494","29.838","1.202"
"2020/11/18","187.47","0.18","115.36","0.10",,,,,,,"4.497","29.860","1.196"
"2020/11/17","187.29","-0.01","115.26","0.00",,,,,,,"4.497","29.855","1.214"
"2020/11/16","187.30","0.03","115.26","0.01",,,,,,,"4.473","29.544","1.208"
"2020/11/13","187.27","0.17","115.25","0.10",,,,,,,"4.481","29.617","1.212"
"2020/11/12","187.10","0.52","115.15","0.31",,,,,,,"4.481","29.610","1.227"
"2020/11/11","186.58","-0.28","114.84","-0.17",,,,,,,"4.483","29.640","1.293"
"2020/11/10","186.86","-0.29","115.01","-0.19",,,,,,,"4.489","29.712","1.264"
"2020/11/09","187.15","-0.09","115.20","-0.06",,,,,,,"4.498","29.871","1.236"
"2020/11/06","187.24","-0.21","115.26","-0.14",,,,,,,"4.507","29.952","1.218"
"2020/11/05","187.45","0.34","115.40","0.21",,,,,,,"4.519","30.086","1.199"
"2020/11/04","187.11","0.25","115.19","0.15",,,,,,,"4.516","30.044","1.232"
"2020/11/03","186.86","-0.05","115.04","-0.04",,,,,,,"4.516","30.034","1.261"
"2020/11/02","186.91","-0.42","115.08","-0.26",,,,,,,"4.533","30.238","1.254"
"2020/10/30","187.33","-0.12","115.34","-0.09",,,,,,,"4.547","30.394","1.207"
"2020/10/29","187.45","-0.16","115.43","-0.10",,,,,,,"4.551","30.436","1.194"
"2020/10/28","187.61","0.05","115.53","0.03",,,,,,,"4.557","30.499","1.179"
"2020/10/27","187.56","-0.17","115.50","-0.11",,,,,,,"4.559","30.514","1.182"
"2020/10/26","187.73","0.12","115.61","0.07",,,,,,,"4.564","30.575","1.165"
"2020/10/23","187.61","0.11","115.54","0.05",,,,,,,"4.569","30.613","1.172"
"2020/10/22","187.50","0.09","115.49","0.05",,,,,,,"4.571","30.636","1.188"
"2020/10/21","187.41","-0.43","115.44","-0.27",,,,,,,"4.573","30.649","1.196"
"2020/10/20","187.84","-0.15","115.71","-0.09",,,,,,,"4.582","30.746","1.153"
"2020/10/19","187.99","0.27","115.80","0.16",,,,,,,"4.559","30.443","1.134"
"2020/10/16","187.72","-0.03","115.64","-0.03",,,,,,,"4.561","30.445","1.150"
"2020/10/15","187.75","0.21","115.67","0.12",,,,,,,"4.564","30.493","1.146"
"2020/10/14","187.54","0.18","115.55","0.11",,,,,,,"4.564","30.492","1.168"
"2020/10/13","187.36","0.15","115.44","0.09",,,,,,,"4.565","30.497","1.190"
"2020/10/12","187.21","-0.08","115.35","-0.05",,,,,,,"4.565","30.549","1.199"
"2020/10/08","187.29","-0.03","115.40","-0.04",,,,,,,"4.577","30.659","1.184"
"2020/10/07","187.32","-0.07","115.44","-0.04",,,,,,,"4.582","30.718","1.193"
"2020/10/06","187.39","-0.33","115.48","-0.21",,,,,,,"4.585","30.741","1.178"
"2020/10/05","187.72","-0.35","115.69","-0.22",,,,,,,"4.608","31.028","1.146"
"2020/09/29","188.07","-0.36","115.91","-0.25",,,,,,,"4.630","31.256","1.106"
"2020/09/28","188.43","0.05","116.16","0.03",,,,,,,"4.632","31.264","1.058"
"2020/09/25","188.38","0.45","116.13","0.27",,,,,,,"4.641","31.357","1.067"
"2020/09/24","187.93","0.14","115.86","0.08",,,,,,,"4.642","31.382","1.121"
"2020/09/23","187.79","0.20","115.78","0.12",,,,,,,"4.645","31.402","1.139"
"2020/09/22","187.59","0.16","115.66","0.10",,,,,,,"4.644","31.390","1.157"
"2020/09/21","187.43","0.12","115.56","0.06",,,,,,,"4.645","31.393","1.175"
"2020/09/18","187.31","0.02","115.50","0.00",,,,,,,"4.650","31.439","1.183"
"2020/09/17","187.29","-0.15","115.50","-0.09",,,,,,,"4.640","31.293","1.185"
"2020/09/16","187.44","-0.23","115.59","-0.15",,,,,,,"4.644","31.335","1.171"
"2020/09/15","187.67","0.48","115.74","0.29",,,,,,,"4.643","31.301","1.136"
"2020/09/14","187.19","0.09","115.45","0.06",,,,,,,"4.598","30.724","1.190"
"2020/09/11","187.10","-0.46","115.39","-0.17",,,,,,,"4.604","30.784","1.196"
"2020/09/10","187.56","-0.08","115.56","-0.18",,,,,,,"4.609","30.837","1.141"
"2020/09/09","187.64","0.29","115.74","0.17",,,,,,,"4.507","29.666","1.141"
"2020/09/08","187.35","0.18","115.57","0.11",,,,,,,"4.507","29.650","1.175"
"2020/09/07","187.17","-0.30","115.46","-0.19",,,,,,,"4.509","29.666","1.197"
"2020/09/04","187.47","-0.10","115.65","-0.07",,,,,,,"4.520","29.786","1.160"
"2020/09/03","187.57","0.12","115.72","0.06",,,,,,,"4.524","29.824","1.147"
"2020/09/02","187.45","0.44","115.66","0.28",,,,,,,"4.525","29.835","1.159"
"2020/09/01","187.01","-0.55","115.38","-0.35",,,,,,,"4.523","29.801","1.212"
"2020/08/31","187.56","-0.25","115.73","-0.16",,,,,,,"4.557","30.176","1.154"
"2020/08/28","187.81","-0.48","115.89","-0.31",,,,,,,"4.567","30.279","1.120"
"2020/08/27","188.29","-0.12","116.20","-0.08",,,,,,,"4.577","30.395","1.068"
"2020/08/26","188.41","-0.12","116.28","-0.08",,,,,,,"4.581","30.432","1.052"
"2020/08/25","188.53","-0.07","116.36","-0.04",,,,,,,"4.585","30.481","1.039"
"2020/08/24","188.60","0.28","116.40","0.16",,,,,,,"4.589","30.522","1.032"
"2020/08/21","188.32","-0.35","116.24","-0.22",,,,,,,"4.593","30.549","1.062"
"2020/08/20","188.67","-0.14","116.46","-0.09",,,,,,,"4.599","30.614","1.020"
"2020/08/19","188.81","0.04","116.55","0.02",,,,,,,"4.602","30.650","1.009"
"2020/08/18","188.77","0.30","116.53","0.18",,,,,,,"4.557","30.041","1.008"
"2020/08/14","188.47","-0.23","116.35","-0.16",,,,,,,"4.563","30.090","1.036"
"2020/08/13","188.70","0.08","116.51","0.05",,,,,,,"4.570","30.164","1.012"
"2020/08/12","188.62","-0.04","116.46","-0.03",,,,,,,"4.572","30.184","1.023"
"2020/08/11","188.66","0.16","116.49","0.09",,,,,,,"4.575","30.218","1.019"
"2020/08/10","188.50","-0.31","116.40","-0.20",,,,,,,"4.578","30.273","1.033"
"2020/08/07","188.81","0.00","116.60","-0.01",,,,,,,"4.591","30.415","1.000"
"2020/08/06","188.81","-0.14","116.61","-0.08",,,,,,,"4.595","30.464","1.007"
"2020/08/05","188.95","0.07","116.69","0.03",,,,,,,"4.600","30.513","0.993"
"2020/08/04","188.88","0.00","116.66","0.00",,,,,,,"4.601","30.516","0.992"
"2020/08/03","188.88","-0.06","116.66","-0.04",,,,,,,"4.624","30.774","0.999"
"2020/07/31","188.94","0.02","116.70","0.00",,,,,,,"4.634","30.868","0.991"
"2020/07/30","188.92","0.16","116.70","0.09",,,,,,,"4.637","30.908","0.996"
"2020/07/29","188.76","0.13","116.61","0.08",,,,,,,"4.638","30.909","1.011"
"2020/07/28","188.63","-0.17","116.53","-0.11",,,,,,,"4.638","30.904","1.022"
"2020/07/27","188.80","0.01","116.64","0.00",,,,,,,"4.643","30.959","1.005"
"2020/07/24","188.79","0.01","116.64","0.00",,,,,,,"4.651","31.032","1.002"
"2020/07/23","188.78","0.22","116.64","0.13",,,,,,,"4.653","31.053","1.001"
"2020/07/22","188.56","0.09","116.51","0.05",,,,,,,"4.653","31.040","1.022"
"2020/07/21","188.47","-0.15","116.46","-0.10",,,,,,,"4.655","31.056","1.032"
"2020/07/20","188.62","0.08","116.56","0.05",,,,,,,"4.659","31.108","1.015"
"2020/07/17","188.54","0.38","116.51","0.22",,,,,,,"4.667","31.187","1.024"
"2020/07/16","188.16","0.21","116.29","0.12",,,,,,,"4.647","30.908","1.058"
"2020/07/15","187.95","0.06","116.17","0.04",,,,,,,"4.647","30.908","1.080"
"2020/07/14","187.89","-0.03","116.13","-0.02",,,,,,,"4.648","30.914","1.087"
"2020/07/13","187.92","-0.10","116.15","-0.07",,,,,,,"4.596","30.205","1.079"
"2020/07/10","188.02","-0.09","116.22","-0.06",,,,,,,"4.606","30.315","1.070"
"2020/07/09","188.11","-0.01","116.28","-0.02",,,,,,,"4.610","30.365","1.057"
"2020/07/08","188.12","0.02","116.30","0.01",,,,,,,"4.614","30.402","1.055"
"2020/07/07","188.10","0.16","116.29","0.10",,,,,,,"4.616","30.429","1.058"
"2020/07/06","187.94","-0.09","116.19","-0.07",,,,,,,"4.619","30.487","1.074"
"2020/07/03","188.03","-0.06","116.26","-0.05",,,,,,,"4.628","30.584","1.061"
"2020/07/02","188.09","0.17","116.31","0.11",,,,,,,"4.632","30.628","1.056"
"2020/07/01","187.92","-0.25","116.20","-0.16",,,,,,,"4.632","30.620","1.072"
"2020/06/30","188.17","-0.04","116.36","-0.03",,,,,,,"4.639","30.704","1.050"
"2020/06/29","188.21","-0.25","116.39","-0.16",,,,,,,"4.667","31.008","1.047"
"2020/06/26","188.46","0.12","116.55","0.06",,,,,,,"4.678","31.137","1.018"
"2020/06/25","188.34","0.08","116.49","0.05",,,,,,,"4.679","31.140","1.030"
"2020/06/24","188.26","0.18","116.44","0.10",,,,,,,"4.680","31.142","1.035"
"2020/06/23","188.08","0.12","116.34","0.08",,,,,,,"4.680","31.138","1.052"
"2020/06/22","187.96","-0.32","116.26","-0.20",,,,,,,"4.683","31.163","1.069"
"2020/06/19","188.28","-0.08","116.46","-0.06",,,,,,,"4.677","31.062","1.002"
"2020/06/18","188.36","0.33","116.52","0.19",,,,,,,"4.676","31.035","0.994"
"2020/06/17","188.03","-0.10","116.33","-0.07",,,,,,,"4.675","31.019","1.029"
"2020/06/16","188.13","0.16","116.40","0.10",,,,,,,"4.679","31.054","1.016"
"2020/06/15","187.97","-0.24","116.30","-0.15",,,,,,,"4.628","30.358","1.025"
"2020/06/12","188.21","-0.07","116.45","-0.05",,,,,,,"4.640","30.501","0.999"
"2020/06/11","188.28","0.39","116.50","0.47",,,,,,,"4.643","30.548","0.992"
"2020/06/10","187.89","0.39","116.03","0.00",,,,,,,"4.647","30.589","1.061"
"2020/06/09","187.50","0.43","116.03","0.26",,,,,,,"4.317","27.966","1.055"
"2020/06/08","187.07","-0.07","115.77","-0.04",,,,,,,"4.314","27.982","1.102"
"2020/06/05","187.14","0.01","115.81","-0.01",,,,,,,"4.323","28.066","1.091"
"2020/06/04","187.13","-0.17","115.82","-0.11",,,,,,,"4.327","28.105","1.101"
"2020/06/03","187.30","-0.16","115.93","-0.11",,,,,,,"4.331","28.143","1.076"
"2020/06/02","187.46","-0.13","116.04","-0.08",,,,,,,"4.337","28.210","1.062"
"2020/06/01","187.59","-0.07","116.12","-0.05",,,,,,,"4.340","28.309","1.037"
"2020/05/29","187.66","-0.21","116.17","-0.15",,,,,,,"4.349","28.400","1.030"
"2020/05/28","187.87","0.23","116.32","0.14",,,,,,,"4.355","28.465","1.008"
"2020/05/27","187.64","-0.18","116.18","-0.11",,,,,,,"4.358","28.487","1.046"
"2020/05/26","187.82","-0.13","116.29","-0.09",,,,,,,"4.362","28.525","1.019"
"2020/05/25","187.95","0.27","116.38","0.16",,,,,,,"4.365","28.557","1.000"
"2020/05/22","187.68","0.09","116.22","0.05",,,,,,,"4.363","28.499","1.027"
"2020/05/21","187.59","0.04","116.17","0.02",,,,,,,"4.363","28.491","1.045"
"2020/05/20","187.55","0.27","116.15","0.16",,,,,,,"4.364","28.493","1.044"
"2020/05/19","187.28","0.11","115.99","0.06",,,,,,,"4.363","28.472","1.075"
"2020/05/18","187.17","-0.02","115.93","-0.01",,,,,,,"4.338","28.152","1.090"
"2020/05/15","187.19","-0.01","115.94","-0.02",,,,,,,"4.346","28.236","1.084"
"2020/05/14","187.20","0.00","115.96","-0.01",,,,,,,"4.349","28.271","1.082"
"2020/05/13","187.20","0.22","115.97","0.14",,,,,,,"4.350","28.274","1.075"
"2020/05/12","186.98","0.26","115.83","0.15",,,,,,,"4.351","28.279","1.103"
"2020/05/11","186.72","-0.11","115.68","-0.07",,,,,,,"4.347","28.296","1.126"
"2020/05/08","186.83","0.35","115.75","0.20",,,,,,,"4.359","28.420","1.123"
"2020/05/07","186.48","0.16","115.55","0.10",,,,,,,"4.356","28.364","1.151"
"2020/05/06","186.32","0.02","115.45","0.01",,,,,,,"4.359","28.400","1.165"
"2020/05/04","186.30","0.23","115.44","0.13",,,,,,,"4.367","28.482","1.183"
"2020/04/29","186.07","0.35","115.31","0.19",,,,,,,"4.380","28.590","1.210"
"2020/04/28","185.72","-0.08","115.12","-0.05",,,,,,,"4.378","28.556","1.248"
"2020/04/27","185.80","-0.01","115.17","-0.01",,,,,,,"4.391","28.721","1.233"
"2020/04/24","185.81","0.09","115.18","0.04",,,,,,,"4.402","28.834","1.236"
"2020/04/23","185.72","-0.13","115.14","-0.09",,,,,,,"4.405","28.860","1.249"
"2020/04/22","185.85","-0.37","115.23","-0.23",,,,,,,"4.411","28.924","1.240"
"2020/04/21","186.22","-0.12","115.46","-0.08",,,,,,,"4.421","29.038","1.208"
"2020/04/20","186.34","-0.04","115.54","-0.03",,,,,,,"4.424","29.072","1.189"
"2020/04/17","186.38","-0.25","115.57","-0.17",,,,,,,"4.428","29.099","1.182"
"2020/04/16","186.63","0.37","115.74","0.23",,,,,,,"4.433","29.151","1.153"
"2020/04/14","186.26","0.01","115.51","0.00",,,,,,,"4.433","29.125","1.187"
"2020/04/13","186.25","-0.16","115.51","-0.11",,,,,,,"4.406","28.774","1.185"
"2020/04/10","186.41","0.02","115.62","0.00",,,,,,,"4.415","28.873","1.162"
"2020/04/09","186.39","0.54","115.62","0.33",,,,,,,"4.419","28.921","1.166"
"2020/04/08","185.85","0.43","115.29","0.27",,,,,,,"4.414","28.858","1.226"
"2020/04/07","185.42","-0.22","115.02","-0.15",,,,,,,"4.410","28.794","1.269"
"2020/04/06","185.64","0.18","115.17","0.11",,,,,,,"4.417","28.929","1.249"
"2020/04/03","185.46","-0.09","115.06","-0.07",,,,,,,"4.423","28.993","1.269"
"2020/04/02","185.55","0.19","115.13","0.11",,,,,,,"4.427","29.029","1.258"
"2020/04/01","185.36","-0.21","115.02","-0.13",,,,,,,"4.429","29.038","1.284"
"2020/03/31","185.57","0.30","115.15","0.18",,,,,,,"4.433","29.086","1.257"
"2020/03/30","185.27","-0.33","114.97","-0.21",,,,,,,"4.443","29.204","1.289"
"2020/03/27","185.60","-0.12","115.18","-0.09",,,,,,,"4.454","29.320","1.247"
"2020/03/26","185.72","1.19","115.27","0.74",,,,,,,"4.462","29.412","1.243"
"2020/03/25","184.53","0.11","114.53","0.06",,,,,,,"4.446","29.211","1.366"
"2020/03/24","184.42","0.21","114.47","0.13",,,,,,,"4.444","29.172","1.364"
"2020/03/23","184.21","-0.64","114.34","-0.41",,,,,,,"4.444","29.161","1.391"
"2020/03/20","184.85","0.43","114.75","0.26",,,,,,,"4.463","29.381","1.325"
"2020/03/19","184.42","-1.34","114.49","-0.84",,,,,,,"4.463","29.376","1.389"
"2020/03/18","185.76","-0.38","115.33","-0.24",,,,,,,"4.480","29.567","1.229"
"2020/03/17","186.14","0.62","115.57","0.38",,,,,,,"4.486","29.633","1.189"
"2020/03/16","185.52","0.41","115.19","0.25",,,,,,,"4.428","28.888","1.267"
"2020/03/13","185.11","-1.13","114.94","-0.72",,,,,,,"4.430","28.888","1.308"
"2020/03/12","186.24","0.07","115.66","0.04",,,,,,,"4.451","29.143","1.191"
"2020/03/11","186.17","-0.34","115.62","-0.10",,,,,,,"4.454","29.174","1.203"
"2020/03/10","186.51","0.19","115.72","0.00",,,,,,,"4.461","29.239","1.165"
"2020/03/09","186.32","0.53","115.72","0.32",,,,,,,"4.574","30.631","1.150"
"2020/03/06","185.79","-0.35","115.40","-0.22",,,,,,,"4.574","30.594","1.198"
"2020/03/05","186.14","-0.25","115.62","-0.17",,,,,,,"4.585","30.722","1.158"
"2020/03/04","186.39","0.66","115.79","0.41",,,,,,,"4.593","30.811","1.133"
"2020/03/03","185.73","0.13","115.38","0.08",,,,,,,"4.588","30.743","1.210"
"2020/03/02","185.60","-0.30","115.30","-0.20",,,,,,,"4.610","30.988","1.230"
"2020/02/28","185.90","0.88","115.50","0.54",,,,,,,"4.624","31.129","1.198"
"2020/02/27","185.02","-0.46","114.96","-0.29",,,,,,,"4.615","31.015","1.295"
"2020/02/26","185.48","0.27","115.25","0.16",,,,,,,"4.622","31.094","1.238"
"2020/02/25","185.21","-0.16","115.09","-0.10",,,,,,,"4.623","31.091","1.271"
"2020/02/24","185.37","0.30","115.19","0.18",,,,,,,"4.624","31.103","1.245"
"2020/02/21","185.07","0.45","115.01","0.26",,,,,,,"4.630","31.150","1.281"
"2020/02/20","184.62","0.53","114.75","0.33",,,,,,,"4.621","31.020","1.335"
"2020/02/19","184.09","0.00","114.42","-0.01",,,,,,,"4.615","30.938","1.392"
"2020/02/18","184.09","0.51","114.43","0.32",,,,,,,"4.613","30.910","1.387"
"2020/02/17","183.58","0.22","114.11","0.13",,,,,,,"4.567","30.301","1.442"
"2020/02/14","183.36","-0.41","113.98","-0.27",,,,,,,"4.572","30.331","1.460"
"2020/02/13","183.77","0.11","114.25","0.07",,,,,,,"4.579","30.406","1.409"
"2020/02/12","183.66","-0.06","114.18","-0.05",,,,,,,"4.581","30.435","1.427"
"2020/02/11","183.72","-0.01","114.23","-0.01",,,,,,,"4.586","30.489","1.424"
"2020/02/10","183.73","-0.01","114.24","-0.01",,,,,,,"4.591","30.564","1.419"
"2020/02/07","183.74","0.23","114.25","0.13",,,,,,,"4.598","30.628","1.411"
"2020/02/06","183.51","-0.24","114.12","-0.16",,,,,,,"4.599","30.629","1.437"
"2020/02/05","183.75","0.27","114.28","0.17",,,,,,,"4.607","30.725","1.418"
"2020/02/04","183.48","-0.54","114.11","-0.34",,,,,,,"4.605","30.697","1.444"
"2020/02/03","184.02","0.10","114.45","0.06",,,,,,,"4.633","31.023","1.390"
"2020/01/31","183.92","0.01","114.39","-0.01",,,,,,,"4.641","31.100","1.401"
"2020/01/30","183.91","0.32","114.40","0.19",,,,,,,"4.645","31.137","1.405"
"2020/01/29","183.59","0.13","114.21","0.08",,,,,,,"4.643","31.111","1.439"
"2020/01/28","183.46","0.80","114.13","0.49",,,,,,,"4.645","31.122","1.454"
"2020/01/23","182.66","0.15","113.64","0.07",,,,,,,"4.641","31.022","1.536"
"2020/01/22","182.51","-0.32","113.57","-0.20",,,,,,,"4.640","31.011","1.553"
"2020/01/21","182.83","0.62","113.77","0.38",,,,,,,"4.643","31.033","1.512"
"2020/01/20","182.21","-0.17","113.39","-0.11",,,,,,,"4.596","30.410","1.582"
"2020/01/17","182.38","-0.21","113.50","-0.15",,,,,,,"4.606","30.515","1.558"
"2020/01/16","182.59","-0.14","113.65","-0.09",,,,,,,"4.614","30.609","1.538"
"2020/01/15","182.73","0.06","113.74","0.03",,,,,,,"4.616","30.634","1.514"
"2020/01/14","182.67","0.34","113.71","0.21",,,,,,,"4.618","30.644","1.515"
"2020/01/13","182.33","-0.15","113.50","-0.10",,,,,,,"4.619","30.682","1.556"
"2020/01/10","182.48","-0.16","113.60","-0.11",,,,,,,"4.632","30.820","1.545"
"2020/01/09","182.64","-0.49","113.71","-0.31",,,,,,,"4.637","30.876","1.528"
"2020/01/08","183.13","-0.23","114.02","-0.15",,,,,,,"4.645","30.976","1.470"
"2020/01/07","183.36","-0.61","114.17","-0.38",,,,,,,"4.649","31.012","1.439"
"2020/01/06","183.97","0.18","114.55","0.10",,,,,,,"4.677","31.335","1.372"
"2020/01/03","183.79","0.63","114.45","0.38",,,,,,,"4.682","31.381","1.385"
"2020/01/02","183.16","0.37","114.07","0.23",,,,,,,"4.677","31.308","1.454"
"2019/12/30","182.79","0.07","113.84","0.02",,,,,,,"4.681","31.329","1.491"
"2019/12/27","182.72","-0.18","113.82","-0.12",,,,,,,"4.689","31.408","1.498"
"2019/12/26","182.90","-0.11","113.94","-0.08",,,,,,,"4.696","31.495","1.483"
"2019/12/24","183.01","0.13","114.02","0.08",,,,,,,"4.703","31.571","1.471"
"2019/12/23","182.88","0.20","113.94","0.12",,,,,,,"4.705","31.588","1.488"
"2019/12/20","182.68","-0.13","113.82","-0.10",,,,,,,"4.709","31.616","1.503"
"2019/12/19","182.81","-0.30","113.92","-0.19",,,,,,,"4.714","31.677","1.490"
"2019/12/18","183.11","0.06","114.11","0.03",,,,,,,"4.721","31.769","1.458"
"2019/12/17","183.05","0.31","114.08","0.19",,,,,,,"4.724","31.797","1.465"
"2019/12/16","182.74","0.29","113.89","0.18",,,,,,,"4.718","31.707","1.488"
"2019/12/13","182.45","-0.44","113.71","-0.29",,,,,,,"4.714","31.653","1.520"
"2019/12/12","182.89","0.48","114.00","0.29",,,,,,,"4.726","31.799","1.481"
"2019/12/11","182.41","-0.28","113.71","0.14",,,,,,,"4.716","31.652","1.511"
"2019/12/10","182.69","-0.42","113.57","-0.58",,,,,,,"4.726","31.789","1.492"
"2019/12/09","183.11","0.13","114.15","0.07",,,,,,,"4.304","27.514","1.499"
"2019/12/06","182.98","-0.08","114.08","-0.07",,,,,,,"4.312","27.583","1.515"
"2019/12/05","183.06","-0.06","114.15","-0.04",,,,,,,"4.308","27.544","1.505"
"2019/12/04","183.12","0.51","114.19","0.31",,,,,,,"4.311","27.569","1.494"
"2019/12/03","182.61","-0.33","113.88","-0.21",,,,,,,"4.306","27.506","1.551"
"2019/12/02","182.94","-0.34","114.09","-0.22",,,,,,,"4.314","27.611","1.515"
"2019/11/29","183.28","0.38","114.31","0.22",,,,,,,"4.327","27.746","1.472"
"2019/11/28","182.90","0.11","114.09","0.07",,,,,,,"4.326","27.726","1.521"
"2019/11/27","182.79","0.21","114.02","0.12",,,,,,,"4.328","27.740","1.534"
"2019/11/26","182.58","0.12","113.90","0.08",,,,,,,"4.328","27.735","1.559"
"2019/11/25","182.46","-0.25","113.82","-0.17",,,,,,,"4.329","27.748","1.571"
"2019/11/22","182.71","-0.02","113.99","-0.03",,,,,,,"4.341","27.873","1.542"
"2019/11/21","182.73","-0.03","114.02","-0.02",,,,,,,"4.344","27.896","1.537"
"2019/11/20","182.76","0.43","114.04","0.26",,,,,,,"4.347","27.921","1.533"
"2019/11/19","182.33","0.27","113.78","0.17",,,,,,,"4.343","27.862","1.577"
"2019/11/18","182.06","0.04","113.61","0.02",,,,,,,"4.341","27.834","1.609"
"2019/11/15","182.02","0.06","113.59","0.02",,,,,,,"4.342","27.833","1.610"
"2019/11/14","181.96","0.00","113.57","-0.01",,,,,,,"4.339","27.782","1.617"
"2019/11/13","181.96","0.46","113.58","0.28",,,,,,,"4.341","27.800","1.615"
"2019/11/12","181.50","-0.48","113.30","-0.30",,,,,,,"4.339","27.764","1.671"
"2019/11/11","181.98","0.22","113.60","0.13",,,,,,,"4.332","27.659","1.607"
"2019/11/08","181.76","0.10","113.47","0.05",,,,,,,"4.329","27.615","1.630"
"2019/11/07","181.66","0.07","113.42","0.03",,,,,,,"4.331","27.643","1.645"
"2019/11/06","181.59","-0.07","113.39","-0.05",,,,,,,"4.332","27.647","1.648"
"2019/11/05","181.66","0.12","113.44","0.08",,,,,,,"4.336","27.687","1.641"
"2019/11/04","181.54","-0.63","113.36","-0.41",,,,,,,"4.338","27.735","1.659"
"2019/11/01","182.17","-0.04","113.77","-0.04",,,,,,,"4.354","27.901","1.577"
"2019/10/31","182.21","0.20","113.81","0.12",,,,,,,"4.359","27.952","1.571"
"2019/10/30","182.01","0.18","113.69","0.11",,,,,,,"4.360","27.954","1.595"
"2019/10/29","181.83","0.01","113.58","0.00",,,,,,,"4.360","27.949","1.615"
"2019/10/28","181.82","-0.73","113.58","-0.47",,,,,,,"4.371","28.078","1.624"
"2019/10/25","182.55","-0.25","114.05","-0.17",,,,,,,"4.388","28.258","1.530"
"2019/10/24","182.80","-0.01","114.22","-0.01",,,,,,,"4.393","28.310","1.497"
"2019/10/23","182.81","0.01","114.23","0.00",,,,,,,"4.395","28.319","1.491"
"2019/10/22","182.80","0.13","114.23","0.08",,,,,,,"4.397","28.339","1.490"
"2019/10/21","182.67","-0.43","114.15","-0.28",,,,,,,"4.392","28.281","1.508"
"2019/10/18","183.10","-0.07","114.43","-0.06",,,,,,,"4.407","28.447","1.461"
"2019/10/17","183.17","-0.40","114.49","-0.26",,,,,,,"4.411","28.490","1.454"
"2019/10/16","183.57","-0.29","114.75","-0.19",,,,,,,"4.418","28.564","1.402"
"2019/10/15","183.86","-0.03","114.94","-0.02",,,,,,,"4.424","28.619","1.362"
"2019/10/14","183.89","0.05","114.96","0.03",,,,,,,"4.414","28.492","1.361"
"2019/10/11","183.84","-0.18","114.93","-0.13",,,,,,,"4.422","28.560","1.363"
"2019/10/10","184.02","-0.12","115.06","-0.09",,,,,,,"4.429","28.635","1.347"
"2019/10/08","184.14","-0.43","115.15","-0.27",,,,,,,"4.435","28.732","1.332"
"2019/10/07","184.57","-0.06","115.42","-0.05",,,,,,,"4.444","28.828","1.284"
"2019/10/04","184.63","0.94","115.47","0.57",,,,,,,"4.455","28.937","1.272"
"2019/10/02","183.69","0.08","114.90","0.05",,,,,,,"4.449","28.845","1.380"
"2019/10/01","183.61","-0.26","114.85","-0.17",,,,,,,"4.451","28.873","1.394"
"2019/09/30","183.87","0.00","115.02","-0.01",,,,,,,"4.463","29.014","1.363"
"2019/09/27","183.87","-0.02","115.03","-0.03",,,,,,,"4.473","29.120","1.366"
"2019/09/26","183.89","0.02","115.06","0.01",,,,,,,"4.477","29.156","1.366"
"2019/09/25","183.87","0.21","115.05","0.12",,,,,,,"4.480","29.189","1.370"
"2019/09/24","183.66","0.05","114.93","0.03",,,,,,,"4.480","29.180","1.392"
"2019/09/23","183.61","0.01","114.90","0.00",,,,,,,"4.482","29.201","1.396"
"2019/09/20","183.60","1.68","114.90","1.04",,,,,,,"4.489","29.266","1.396"
"2019/09/19","181.92","-0.05","113.86","-0.04",,,,,,,"4.482","29.236","1.613"
"2019/09/18","181.97","0.18","113.90","0.11",,,,,,,"4.485","29.260","1.602"
"2019/09/17","181.79","-1.36","113.79","-0.86",,,,,,,"4.484","29.240","1.617"
"2019/09/16","183.15","0.71","114.65","0.44",,,,,,,"4.458","28.826","1.431"
"2019/09/11","182.44","-0.21","114.21","0.02",,,,,,,"4.481","29.144","1.540"
"2019/09/10","182.65","-1.51","114.19","-1.14",,,,,,,"4.486","29.195","1.514"
"2019/09/09","184.16","0.25","115.33","0.15",,,,,,,"4.306","27.701","1.291"
"2019/09/06","183.91","-0.03","115.18","-0.03",,,,,,,"4.312","27.740","1.320"
"2019/09/05","183.94","-0.14","115.21","-0.09",,,,,,,"4.316","27.777","1.317"
"2019/09/04","184.08","-0.15","115.30","-0.10",,,,,,,"4.320","27.826","1.301"
"2019/09/03","184.23","0.13","115.40","0.07",,,,,,,"4.325","27.871","1.280"
"2019/09/02","184.10","-0.56","115.33","-0.36",,,,,,,"4.325","27.872","1.293"
"2019/08/30","184.66","-0.08","115.69","-0.07",,,,,,,"4.341","28.033","1.223"
"2019/08/29","184.74","0.00","115.76","0.00",,,,,,,"4.345","28.079","1.215"
"2019/08/28","184.74","-0.14","115.76","-0.10",,,,,,,"4.348","28.112","1.219"
"2019/08/27","184.88","-0.36","115.86","-0.23",,,,,,,"4.353","28.164","1.203"
"2019/08/26","185.24","0.57","116.09","0.35",,,,,,,"4.370","28.349","1.154"
"2019/08/23","184.67","-0.31","115.74","-0.21",,,,,,,"4.371","28.335","1.219"
"2019/08/22","184.98","0.33","115.95","0.20",,,,,,,"4.377","28.397","1.177"
"2019/08/21","184.65","-0.60","115.75","-0.38",,,,,,,"4.374","28.354","1.209"
"2019/08/20","185.25","-0.05","116.13","-0.04",,,,,,,"4.385","28.484","1.143"
"2019/08/19","185.30","-0.05","116.17","-0.04",,,,,,,"4.380","28.424","1.136"
"2019/08/16","185.35","0.48","116.21","0.29",,,,,,,"4.383","28.425","1.132"
"2019/08/14","184.87","0.00","115.92","-0.01",,,,,,,"4.382","28.403","1.188"
"2019/08/13","184.87","0.36","115.93","0.22",,,,,,,"4.385","28.424","1.188"
"2019/08/12","184.51","0.11","115.71","0.06",,,,,,,"4.361","28.105","1.228"
"2019/08/09","184.40","-0.23","115.65","-0.16",,,,,,,"4.365","28.129","1.237"
"2019/08/08","184.63","-0.11","115.81","-0.08",,,,,,,"4.370","28.186","1.207"
"2019/08/07","184.74","0.04","115.89","0.02",,,,,,,"4.374","28.234","1.193"
"2019/08/06","184.70","0.08","115.87","0.04",,,,,,,"4.377","28.257","1.199"
"2019/08/05","184.62","0.77","115.83","0.48",,,,,,,"4.379","28.297","1.209"
"2019/08/02","183.85","0.44","115.35","0.27",,,,,,,"4.379","28.264","1.301"
"2019/08/01","183.41","-0.13","115.08","-0.10",,,,,,,"4.378","28.242","1.351"
"2019/07/31","183.54","0.09","115.18","0.06",,,,,,,"4.383","28.290","1.334"
"2019/07/30","183.45","0.00","115.12","-0.01",,,,,,,"4.384","28.292","1.343"
"2019/07/29","183.45","0.12","115.13","0.07",,,,,,,"4.395","28.410","1.346"
"2019/07/26","183.33","0.06","115.06","0.02",,,,,,,"4.393","28.380","1.355"
"2019/07/25","183.27","0.18","115.04","0.11",,,,,,,"4.394","28.379","1.358"
"2019/07/24","183.09","0.08","114.93","0.04",,,,,,,"4.394","28.369","1.376"
"2019/07/23","183.01","-0.01","114.89","-0.01",,,,,,,"4.397","28.399","1.388"
"2019/07/22","183.02","-0.08","114.90","-0.06",,,,,,,"4.400","28.425","1.386"
"2019/07/19","183.10","0.13","114.96","0.07",,,,,,,"4.408","28.506","1.372"
"2019/07/18","182.97","0.61","114.89","0.38",,,,,,,"4.401","28.407","1.389"
"2019/07/17","182.36","0.21","114.51","0.12",,,,,,,"4.396","28.329","1.460"
"2019/07/16","182.15","0.03","114.39","0.01",,,,,,,"4.397","28.339","1.487"
"2019/07/15","182.12","-0.03","114.38","-0.02",,,,,,,"4.376","28.047","1.487"
"2019/07/12","182.15","-0.14","114.40","-0.11",,,,,,,"4.377","28.053","1.484"
"2019/07/11","182.29","0.15","114.51","0.09",,,,,,,"4.382","28.114","1.468"
"2019/07/10","182.14","-0.14","114.42","-0.09",,,,,,,"4.384","28.120","1.487"
"2019/07/09","182.28","0.04","114.51","0.02",,,,,,,"4.388","28.170","1.470"
"2019/07/08","182.24","-0.02","114.49","-0.02",,,,,,,"4.391","28.212","1.473"
"2019/07/05","182.26","-0.03","114.51","-0.04",,,,,,,"4.400","28.300","1.470"
"2019/07/04","182.29","0.06","114.55","0.03",,,,,,,"4.406","28.358","1.465"
"2019/07/03","182.23","0.39","114.52","0.24",,,,,,,"4.409","28.389","1.472"
"2019/07/02","181.84","0.16","114.28","0.10",,,,,,,"4.406","28.350","1.517"
"2019/07/01","181.68","-0.09","114.18","-0.06",,,,,,,"4.415","28.438","1.535"
"2019/06/28","181.77","0.17","114.24","0.09",,,,,,,"4.424","28.530","1.523"
"2019/06/27","181.60","0.00","114.15","-0.01",,,,,,,"4.425","28.533","1.541"
"2019/06/26","181.60","-0.14","114.16","-0.10",,,,,,,"4.428","28.568","1.542"
"2019/06/25","181.74","-0.26","114.26","-0.17",,,,,,,"4.433","28.620","1.524"
"2019/06/24","182.00","0.07","114.43","0.04",,,,,,,"4.436","28.641","1.487"
"2019/06/21","181.93","-0.22","114.39","-0.15",,,,,,,"4.443","28.709","1.492"
"2019/06/20","182.15","0.53","114.54","0.33",,,,,,,"4.436","28.610","1.464"
"2019/06/19","181.62","0.10","114.21","0.05",,,,,,,"4.434","28.568","1.532"
"2019/06/18","181.52","-0.02","114.16","-0.02",,,,,,,"4.435","28.577","1.542"
"2019/06/17","181.54","-0.16","114.18","-0.11",,,,,,,"4.398","28.076","1.536"
"2019/06/14","181.70","0.16","114.29","0.09",,,,,,,"4.405","28.144","1.515"
"2019/06/13","181.54","-0.09","114.20","-0.06",,,,,,,"4.405","28.148","1.531"
"2019/06/12","181.63","0.61","114.26","0.37",,,,,,,"4.409","28.188","1.518"
"2019/06/11","181.02","-0.12","113.89","0.33",,,,,,,"4.405","28.126","1.592"
"2019/06/10","181.14","0.60","113.56","-0.04",,,,,,,"4.410","28.231","1.580"
"2019/06/07","180.54","-0.02","113.60","-0.03",,,,,,,"4.241","26.919","1.582"
"2019/06/05","180.56","0.22","113.63","0.13",,,,,,,"4.248","26.980","1.581"
"2019/06/04","180.34","0.09","113.50","0.05",,,,,,,"4.248","26.976","1.609"
"2019/06/03","180.25","-0.01","113.45","-0.01",,,,,,,"4.249","27.021","1.618"
"2019/05/31","180.26","0.39","113.46","0.22",,,,,,,"4.259","27.111","1.620"
"2019/05/30","179.87","0.01","113.24","0.00",,,,,,,"4.256","27.068","1.663"
"2019/05/29","179.86","0.36","113.24","0.22",,,,,,,"4.258","27.085","1.663"
"2019/05/28","179.50","0.01","113.02","0.00",,,,,,,"4.256","27.050","1.704"
"2019/05/27","179.49","-0.05","113.02","-0.04",,,,,,,"4.258","27.066","1.702"
"2019/05/24","179.54","0.11","113.06","0.06",,,,,,,"4.268","27.152","1.694"
"2019/05/23","179.43","0.19","113.00","0.11",,,,,,,"4.263","27.082","1.704"
"2019/05/22","179.24","-0.02","112.89","-0.02",,,,,,,"4.263","27.078","1.728"
"2019/05/21","179.26","0.14","112.91","0.08",,,,,,,"4.265","27.093","1.723"
"2019/05/20","179.12","-0.12","112.83","-0.08",,,,,,,"4.252","26.914","1.741"
"2019/05/17","179.24","0.06","112.91","0.02",,,,,,,"4.254","26.932","1.724"
"2019/05/16","179.18","0.29","112.89","0.18",,,,,,,"4.257","26.962","1.730"
"2019/05/15","178.89","0.07","112.71","0.04",,,,,,,"4.256","26.945","1.767"
"2019/05/14","178.82","0.03","112.67","0.00",,,,,,,"4.257","26.953","1.773"
"2019/05/13","178.79","0.02","112.67","0.01",,,,,,,"4.260","27.018","1.778"
"2019/05/10","178.77","-0.11","112.66","-0.09",,,,,,,"4.270","27.111","1.776"
"2019/05/09","178.88","0.11","112.75","0.07",,,,,,,"4.275","27.163","1.762"
"2019/05/08","178.77","0.06","112.68","0.03",,,,,,,"4.284","27.269","1.776"
"2019/05/07","178.71","0.15","112.65","0.09",,,,,,,"4.286","27.284","1.783"
"2019/05/03","178.56","-0.08","112.56","-0.08",,,,,,,"4.296","27.364","1.798"
"2019/05/02","178.64","-0.27","112.64","-0.18",,,,,,,"4.299","27.401","1.785"
"2019/04/30","178.91","0.13","112.82","0.07",,,,,,,"4.308","27.495","1.751"
"2019/04/29","178.78","0.10","112.75","0.05",,,,,,,"4.310","27.499","1.765"
"2019/04/26","178.68","0.06","112.70","0.03",,,,,,,"4.317","27.557","1.773"
"2019/04/25","178.62","0.26","112.67","0.16",,,,,,,"4.318","27.574","1.779"
"2019/04/24","178.36","0.11","112.51","0.06",,,,,,,"4.318","27.555","1.810"
"2019/04/23","178.25","0.02","112.45","0.01",,,,,,,"4.320","27.578","1.825"
"2019/04/22","178.23","-0.15","112.44","-0.11",,,,,,,"4.322","27.597","1.826"
"2019/04/19","178.38","-0.08","112.55","-0.07",,,,,,,"4.333","27.708","1.806"
"2019/04/18","178.46","0.37","112.62","0.23",,,,,,,"4.330","27.652","1.793"
"2019/04/17","178.09","-0.11","112.39","-0.08",,,,,,,"4.328","27.619","1.837"
"2019/04/16","178.20","-0.02","112.47","-0.02",,,,,,,"4.332","27.661","1.821"
"2019/04/15","178.22","-0.20","112.49","-0.13",,,,,,,"4.320","27.491","1.819"
"2019/04/12","178.42","-0.14","112.62","-0.11",,,,,,,"4.324","27.527","1.793"
"2019/04/11","178.56","0.05","112.73","0.03",,,,,,,"4.328","27.586","1.776"
"2019/04/10","178.51","-0.01","112.70","-0.01",,,,,,,"4.331","27.606","1.782"
"2019/04/09","178.52","0.00","112.71","-0.01",,,,,,,"4.333","27.625","1.777"
"2019/04/08","178.52","0.19","112.72","0.11",,,,,,,"4.336","27.691","1.778"
"2019/04/05","178.33","-0.14","112.61","-0.11",,,,,,,"4.341","27.727","1.795"
"2019/04/04","178.47","0.04","112.72","0.02",,,,,,,"4.346","27.775","1.775"
"2019/04/03","178.43","-0.16","112.70","-0.11",,,,,,,"4.348","27.785","1.778"
"2019/04/02","178.59","0.10","112.81","0.06",,,,,,,"4.352","27.837","1.757"
"2019/04/01","178.49","-0.25","112.75","-0.17",,,,,,,"4.361","27.931","1.771"
"2019/03/29","178.74","-0.06","112.92","-0.05",,,,,,,"4.372","28.047","1.736"
"2019/03/28","178.80","0.29","112.97","0.18",,,,,,,"4.376","28.087","1.730"
"2019/03/27","178.51","0.41","112.79","0.25",,,,,,,"4.376","28.088","1.770"
"2019/03/26","178.10","-0.03","112.54","-0.03",,,,,,,"4.373","28.040","1.817"
"2019/03/25","178.13","0.30","112.57","0.19",,,,,,,"4.376","28.064","1.814"
"2019/03/22","177.83","0.00","112.38","-0.03",,,,,,,"4.380","28.095","1.848"
"2019/03/21","177.83","0.28","112.41","0.17",,,,,,,"4.374","28.005","1.845"
"2019/03/20","177.55","0.00","112.24","0.00",,,,,,,"4.371","27.963","1.874"
"2019/03/19","177.55","0.09","112.24","0.05",,,,,,,"4.374","27.987","1.873"
"2019/03/18","177.46","-0.02","112.19","-0.02",,,,,,,"4.347","27.632","1.879"
"2019/03/15","177.48","-0.09","112.21","-0.07",,,,,,,"4.348","27.628","1.870"
"2019/03/14","177.57","-0.02","112.28","-0.03",,,,,,,"4.352","27.678","1.859"
"2019/03/13","177.59","0.15","112.31","0.09",,,,,,,"4.356","27.713","1.856"
"2019/03/12","177.44","0.00","112.22","0.20",,,,,,,"4.357","27.717","1.874"
"2019/03/11","177.44","-0.05","112.02","-0.24",,,,,,,"4.359","27.771","1.874"
"2019/03/08","177.49","0.19","112.26","0.10",,,,,,,"4.329","27.909","1.865"
"2019/03/07","177.30","0.16","112.16","0.09",,,,,,,"4.332","27.933","1.886"
"2019/03/06","177.14","0.08","112.07","0.05",,,,,,,"4.333","27.937","1.904"
"2019/03/05","177.06","-0.03","112.02","-0.02",,,,,,,"4.335","27.951","1.913"
"2019/03/04","177.09","-0.20","112.04","-0.14",,,,,,,"4.349","28.099","1.909"
"2019/02/28","177.29","0.00","112.18","-0.03",,,,,,,"4.363","28.247","1.881"
"2019/02/27","177.29","0.14","112.21","0.09",,,,,,,"4.366","28.269","1.879"
"2019/02/26","177.15","0.06","112.12","0.02",,,,,,,"4.367","28.269","1.894"
"2019/02/25","177.09","-0.03","112.10","-0.02",,,,,,,"4.369","28.284","1.900"
"2019/02/22","177.12","-0.02","112.12","-0.03",,,,,,,"4.378","28.372","1.895"
"2019/02/21","177.14","-0.09","112.15","-0.07",,,,,,,"4.379","28.376","1.888"
"2019/02/20","177.23","0.03","112.22","0.01",,,,,,,"4.383","28.419","1.877"
"2019/02/19","177.20","0.00","112.21","0.00",,,,,,,"4.385","28.439","1.878"
"2019/02/18","177.20","-0.22","112.21","-0.15",,,,,,,"4.357","28.066","1.875"
"2019/02/15","177.42","0.24","112.36","0.13",,,,,,,"4.369","28.185","1.846"
"2019/02/14","177.18","-0.02","112.23","-0.01",,,,,,,"4.368","28.164","1.871"
"2019/02/13","177.20","-0.08","112.24","-0.06",,,,,,,"4.373","28.212","1.873"
"2019/02/12","177.28","-0.11","112.30","-0.08",,,,,,,"4.376","28.250","1.861"
"2019/02/11","177.39","0.13","112.38","0.08",,,,,,,"4.382","28.324","1.847"
"2019/02/08","177.26","0.18","112.30","0.09",,,,,,,"4.388","28.377","1.858"
"2019/02/07","177.08","0.04","112.21","0.02",,,,,,,"4.388","28.369","1.877"
"2019/02/01","177.04","0.10","112.19","0.02",,,,,,,"4.409","28.573","1.878"
"2019/01/31","176.94","0.31","112.17","0.19",,,,,,,"4.410","28.571","1.886"
"2019/01/30","176.63","-0.19","111.98","-0.12",,,,,,,"4.407","28.533","1.919"
"2019/01/29","176.82","0.00","112.10","-0.01",,,,,,,"4.413","28.600","1.898"
"2019/01/28","176.82","-0.04","112.11","-0.04",,,,,,,"4.429","28.769","1.900"
"2019/01/25","176.86","-0.07","112.15","-0.06",,,,,,,"4.438","28.857","1.891"
"2019/01/24","176.93","-0.06","112.21","-0.04",,,,,,,"4.442","28.903","1.884"
"2019/01/23","176.99","0.13","112.25","0.07",,,,,,,"4.446","28.940","1.876"
"2019/01/22","176.86","0.16","112.18","0.10",,,,,,,"4.446","28.935","1.886"
"2019/01/21","176.70","-0.10","112.08","-0.07",,,,,,,"4.447","28.931","1.903"
"2019/01/18","176.80","-0.17","112.15","-0.14",,,,,,,"4.450","28.961","1.891"
"2019/01/17","176.97","0.05","112.29","0.03",,,,,,,"4.447","28.906","1.871"
"2019/01/16","176.92","-0.09","112.26","-0.07",,,,,,,"4.449","28.922","1.875"
"2019/01/15","177.01","0.07","112.33","0.04",,,,,,,"4.452","28.963","1.867"
"2019/01/14","176.94","0.19","112.29","0.12",,,,,,,"4.424","28.574","1.871"
"2019/01/11","176.75","-0.14","112.17","-0.12",,,,,,,"4.429","28.617","1.887"
"2019/01/10","176.89","0.15","112.29","0.09",,,,,,,"4.435","28.693","1.872"
"2019/01/09","176.74","0.02","112.20","0.01",,,,,,,"4.436","28.699","1.888"
"2019/01/08","176.72","-0.12","112.19","-0.08",,,,,,,"4.439","28.719","1.889"
"2019/01/07","176.84","0.02","112.27","0.00",,,,,,,"4.447","28.828","1.875"
"2019/01/04","176.82","-0.13","112.27","-0.10",,,,,,,"4.455","28.911","1.874"
"2019/01/03","176.95","0.05","112.37","0.02",,,,,,,"4.461","28.974","1.860"
"2019/01/02","176.90","0.12","112.35","0.08",,,,,,,"4.476","29.137","1.868"