"날짜","종가","오픈","고가","저가","거래량","변동 %"
"2022년 06월 30일","6,260","6,450","6,450","6,220","0.01K","-3.69%"
"2022년 06월 29일","6,500","6,570","6,630","6,470","145.58K","-0.31%"
"2022년 06월 28일","6,520","6,340","6,580","6,330","169.24K","2.84%"
"2022년 06월 27일","6,340","6,080","6,410","5,980","202.54K","5.32%"
"2022년 06월 26일","6,020","6,020","6,020","6,020","-","0.00%"
"2022년 06월 24일","6,020","5,750","6,120","5,710","364.63K","4.70%"
"2022년 06월 23일","5,750","6,100","6,200","5,750","0.31K","-6.81%"
"2022년 06월 22일","6,170","6,510","6,700","6,150","292.42K","-6.52%"
"2022년 06월 21일","6,600","6,620","6,710","6,530","2.32K","-1.79%"
"2022년 06월 20일","6,720","6,800","6,980","6,530","352.43K","-4.00%"
"2022년 06월 19일","7,000","7,000","7,000","7,000","-","0.00%"
"2022년 06월 17일","7,000","6,810","7,490","6,770","810.82K","1.16%"
"2022년 06월 16일","6,920","7,100","7,200","6,900","0.02K","-2.67%"
"2022년 06월 15일","7,110","7,500","7,600","7,030","0.28K","-6.94%"
"2022년 06월 14일","7,640","7,850","8,000","7,640","0.04K","-2.05%"
"2022년 06월 13일","7,800","7,830","8,140","7,800","0.21K","-1.27%"
"2022년 06월 12일","7,900","7,900","7,900","7,900","-","0.00%"
"2022년 06월 10일","7,900","8,000","8,090","7,850","450.05K","-2.95%"
"2022년 06월 09일","8,140","8,370","8,620","8,130","2.72K","0.12%"
"2022년 06월 08일","8,130","8,450","8,920","8,130","2.52M","-0.37%"
"2022년 06월 07일","8,160","7,940","8,170","7,920","1.09M","3.55%"
"2022년 06월 06일","7,880","7,880","7,880","7,880","-","0.00%"
"2022년 06월 03일","7,880","7,900","8,070","7,770","254.12K","0.13%"
"2022년 06월 02일","7,870","7,950","7,960","7,850","0.32K","-2.48%"
"2022년 06월 01일","8,070","8,070","8,070","8,070","-","0.00%"
"2022년 05월 31일","8,070","8,000","8,150","7,880","653.85K","2.41%"
"2022년 05월 30일","7,880","7,830","7,960","7,790","183.76K","1.29%"
"2022년 05월 29일","7,780","7,780","7,780","7,780","-","0.00%"
"2022년 05월 27일","7,780","7,890","8,000","7,710","345.82K","0.52%"
"2022년 05월 26일","7,740","7,580","7,740","7,550","0.06K","2.25%"
"2022년 05월 25일","7,570","7,630","7,680","7,550","182.77K","-1.30%"
"2022년 05월 24일","7,670","7,800","7,830","7,660","0.00K","-1.41%"
"2022년 05월 23일","7,780","7,840","7,840","7,760","0.22K","-0.77%"
"2022년 05월 20일","7,840","7,820","7,860","7,790","150.77K","0.51%"
"2022년 05월 19일","7,800","7,820","7,910","7,770","0.00K","-2.62%"
"2022년 05월 18일","8,010","8,070","8,120","7,940","3.43K","-0.12%"
"2022년 05월 17일","8,020","8,330","8,330","8,000","0.30K","0.88%"
"2022년 05월 16일","7,950","7,810","7,970","7,810","0.04K","2.32%"
"2022년 05월 15일","7,770","7,770","7,770","7,770","-","0.00%"
"2022년 05월 13일","7,770","7,770","7,860","7,720","213.11K","0.26%"
"2022년 05월 12일","7,750","8,150","8,220","7,730","1.06K","-2.76%"
"2022년 05월 11일","7,970","7,920","8,000","7,770","0.50K","0.76%"
"2022년 05월 10일","7,910","7,940","8,040","7,700","842.90K","-5.72%"
"2022년 05월 09일","8,390","8,240","8,790","8,160","2.73M","2.07%"
"2022년 05월 08일","8,220","8,220","8,220","8,220","-","0.00%"
"2022년 05월 06일","8,220","8,540","8,870","8,200","1.39M","-1.67%"
"2022년 05월 05일","8,360","8,360","8,360","8,360","-","0.00%"
"2022년 05월 04일","8,360","8,660","8,680","8,300","658.88K","-4.78%"
"2022년 05월 03일","8,780","8,640","8,830","8,460","1.09M","0.80%"
"2022년 05월 02일","8,710","8,760","9,030","8,700","1.78M","0.58%"
"2022년 05월 01일","8,660","8,660","8,660","8,660","-","0.00%"
"2022년 04월 29일","8,660","8,310","9,640","8,220","11.89M","5.48%"
"2022년 04월 28일","8,210","8,750","8,790","8,180","2.96M","-8.78%"
"2022년 04월 27일","9,000","8,080","9,560","7,980","5.46K","14.94%"
"2022년 04월 26일","7,830","7,820","7,890","7,820","0.39K","-0.25%"
"2022년 04월 25일","7,850","7,940","8,100","7,800","0.06K","-2.85%"
"2022년 04월 22일","8,080","7,960","8,160","7,950","424.42K","1.64%"
"2022년 04월 21일","7,950","7,930","7,980","7,900","0.07K","0.00%"
"2022년 04월 20일","7,950","7,990","8,000","7,930","0.25K","-1.85%"
"2022년 04월 19일","8,100","8,160","8,160","8,080","0.50K","0.00%"
"2022년 04월 18일","8,100","8,210","8,320","8,100","450.43K","-0.49%"
"2022년 04월 17일","8,140","8,140","8,140","8,140","-","0.00%"
"2022년 04월 15일","8,140","8,320","8,400","8,120","594.67K","0.00%"
"2022년 04월 14일","8,140","8,240","8,280","8,110","0.00K","-0.85%"
"2022년 04월 13일","8,210","8,710","8,710","8,100","1.76K","-0.48%"
"2022년 04월 12일","8,250","7,900","9,080","7,830","0.01K","3.00%"
"2022년 04월 11일","8,010","7,800","8,010","7,720","0.78K","2.43%"
"2022년 04월 10일","7,820","7,820","7,820","7,820","-","0.00%"
"2022년 04월 08일","7,820","7,820","7,950","7,800","144.17K","-0.64%"
"2022년 04월 07일","7,870","7,960","8,030","7,860","0.06K","-2.11%"
"2022년 04월 06일","8,040","8,070","8,120","8,030","173.25K","-0.74%"
"2022년 04월 05일","8,100","8,120","8,220","8,040","3.57K","0.62%"
"2022년 04월 04일","8,050","8,000","8,060","7,960","0.00K","-1.71%"
"2022년 04월 03일","8,190","8,190","8,190","8,190","-","0.00%"
"2022년 04월 01일","8,190","8,060","8,280","7,910","698.64K","1.11%"
"2022년 03월 31일","8,100","8,500","8,570","8,060","5.64K","1.25%"
"2022년 03월 30일","8,000","8,140","8,190","7,980","0.00K","-2.68%"
"2022년 03월 29일","8,220","8,170","8,350","8,120","3.71K","-2.38%"
"2022년 03월 28일","8,420","8,620","8,620","8,400","0.21K","-2.43%"
"2022년 03월 27일","8,630","8,630","8,630","8,630","-","0.00%"
"2022년 03월 25일","8,630","8,870","8,880","8,620","842.50K","-4.54%"
"2022년 03월 24일","9,040","9,440","9,750","8,940","3.07M","0.78%"
"2022년 03월 23일","8,970","8,500","9,390","8,470","0.23K","2.99%"
"2022년 03월 22일","8,710","9,020","9,090","8,710","11.90K","0.46%"
"2022년 03월 21일","8,670","8,330","8,670","8,330","0.00K","4.33%"
"2022년 03월 20일","8,310","8,310","8,310","8,310","-","0.00%"
"2022년 03월 18일","8,310","8,500","8,810","8,310","2.02M","1.47%"
"2022년 03월 17일","8,190","8,030","8,190","7,860","0.10K","0.74%"
"2022년 03월 16일","8,130","8,030","8,250","7,930","2.73K","-1.09%"
"2022년 03월 15일","8,220","8,580","8,580","8,070","1.96K","-6.38%"
"2022년 03월 14일","8,780","8,640","9,240","8,640","2.81K","0.46%"
"2022년 03월 13일","8,740","8,740","8,740","8,740","-","0.00%"
"2022년 03월 11일","8,740","9,290","9,420","8,610","1.52M","-5.82%"
"2022년 03월 10일","9,280","8,780","9,550","8,620","22.72K","-5.69%"
"2022년 03월 09일","9,840","9,840","9,840","9,840","-","0.00%"
"2022년 03월 08일","9,840","10,850","11,100","9,840","3.92M","-5.38%"
"2022년 03월 07일","10,400","10,800","10,900","10,250","17.85K","5.26%"
"2022년 03월 06일","9,880","9,880","9,880","9,880","-","0.00%"
"2022년 03월 04일","9,880","10,300","10,750","9,850","2.97M","-5.00%"
"2022년 03월 03일","10,400","10,650","11,400","10,200","13.71K","-1.42%"
"2022년 03월 02일","10,550","10,600","11,350","10,000","3.53K","10.59%"
"2022년 03월 01일","9,540","9,540","9,540","9,540","-","0.00%"
"2022년 02월 28일","9,540","10,250","10,800","9,450","4.64M","-2.75%"
"2022년 02월 27일","9,810","9,810","9,810","9,810","-","0.00%"
"2022년 02월 25일","9,810","9,310","11,600","8,550","17.65M","-8.74%"
"2022년 02월 24일","10,750","8,740","10,800","8,370","51.78K","27.52%"
"2022년 02월 23일","8,430","8,320","8,850","7,960","0.63K","1.44%"
"2022년 02월 22일","8,310","8,010","8,790","7,780","2.15K","10.07%"
"2022년 02월 21일","7,550","7,900","8,000","7,530","1.76M","0.53%"
"2022년 02월 18일","7,510","7,810","8,050","7,460","1.53M","-1.83%"
"2022년 02월 17일","7,650","7,320","8,200","7,240","4.15K","6.10%"
"2022년 02월 16일","7,210","7,190","7,280","6,990","3.98K","-5.75%"
"2022년 02월 15일","7,650","8,120","8,120","7,630","3.43K","-7.72%"
"2022년 02월 14일","8,290","8,740","8,740","8,050","29.52K","8.94%"
"2022년 02월 11일","7,610","7,480","7,800","7,420","1.24M","2.28%"
"2022년 02월 10일","7,440","7,570","7,610","7,430","0.62K","-0.93%"
"2022년 02월 09일","7,510","7,560","7,710","7,500","627.43K","-5.06%"
"2022년 02월 08일","7,910","8,030","8,070","7,700","951.06K","-2.94%"
"2022년 02월 07일","8,150","8,210","8,420","8,110","1.10K","1.24%"
"2022년 02월 04일","8,050","8,300","8,450","7,900","2.72M","2.42%"
"2022년 02월 03일","7,860","7,190","7,880","7,190","0.71K","10.86%"
"2022년 02월 02일","7,090","7,090","7,090","7,090","-","0.00%"
"2022년 01월 28일","7,090","7,230","7,330","6,980","919.90K","-1.94%"
"2022년 01월 27일","7,230","8,080","8,110","7,140","0.25K","-6.10%"
"2022년 01월 26일","7,700","8,250","8,330","7,700","0.29K","-1.66%"
"2022년 01월 25일","7,830","7,800","8,450","7,610","6.66M","-2.85%"
"2022년 01월 24일","8,060","7,660","8,540","7,660","10.12M","5.77%"
"2022년 01월 23일","7,620","7,620","7,620","7,620","-","0.00%"
"2022년 01월 21일","7,620","7,680","7,960","7,560","1.34M","-2.56%"
"2022년 01월 20일","7,820","8,140","8,300","7,790","0.01K","-3.58%"
"2022년 01월 19일","8,110","8,420","8,620","7,960","11.51K","2.66%"
"2022년 01월 18일","7,900","7,310","8,690","7,090","16.36M","9.12%"
"2022년 01월 17일","7,240","7,340","7,400","7,100","289.22K","0.70%"
"2022년 01월 14일","7,190","7,190","7,240","7,130","116.98K","-0.69%"
"2022년 01월 13일","7,240","7,340","7,430","7,240","237.50K","0.00%"
"2022년 01월 12일","7,240","7,230","7,400","7,210","380.43K","2.99%"
"2022년 01월 11일","7,030","7,170","7,250","7,000","213.46K","-3.03%"
"2022년 01월 10일","7,250","7,350","7,350","7,180","0.00K","-1.49%"
"2022년 01월 09일","7,360","7,360","7,360","7,360","-","0.00%"
"2022년 01월 07일","7,360","7,320","7,470","7,240","545.16K","3.37%"
"2022년 01월 06일","7,120","7,190","7,400","7,120","342.60K","-1.11%"
"2022년 01월 05일","7,200","7,320","7,410","7,120","0.05K","-1.23%"
"2022년 01월 04일","7,290","7,160","7,300","7,160","0.10K","1.96%"
"2022년 01월 03일","7,150","7,160","7,230","7,090","191.43K","-0.14%"
"2021년 12월 30일","7,160","7,350","7,370","7,160","335.48K","-0.97%"
"2021년 12월 29일","7,230","7,160","7,700","7,120","0.10K","0.98%"
"2021년 12월 28일","7,160","7,070","7,500","7,070","4.05K","2.58%"
"2021년 12월 27일","6,980","7,270","7,290","6,960","1.03M","-7.55%"
"2021년 12월 26일","7,550","7,550","7,550","7,550","-","0.00%"
"2021년 12월 24일","7,550","7,000","8,450","6,890","10.44M","8.32%"
"2021년 12월 23일","6,970","7,030","7,100","6,870","0.01K","-0.85%"
"2021년 12월 22일","7,030","6,710","7,310","6,710","1.59K","5.08%"
"2021년 12월 21일","6,690","6,670","6,860","6,590","65.90K","0.00%"
"2021년 12월 20일","6,690","6,800","6,810","6,690","0.03K","-2.05%"
"2021년 12월 19일","6,830","6,830","6,830","6,830","-","0.00%"
"2021년 12월 17일","6,830","6,810","6,890","6,810","32.64K","0.00%"
"2021년 12월 16일","6,830","6,840","6,900","6,750","40.74K","0.59%"
"2021년 12월 15일","6,790","6,840","6,890","6,780","48.64K","-2.16%"
"2021년 12월 14일","6,940","6,940","6,950","6,820","36.85K","-0.14%"
"2021년 12월 13일","6,950","7,040","7,070","6,900","37.17K","-0.86%"
"2021년 12월 10일","7,010","6,900","7,100","6,870","81.27K","1.15%"
"2021년 12월 09일","6,930","6,810","6,980","6,810","58.45K","1.91%"
"2021년 12월 08일","6,800","6,950","6,970","6,800","59.57K","-0.44%"
"2021년 12월 07일","6,830","6,890","6,910","6,750","77.41K","0.15%"
"2021년 12월 06일","6,820","6,730","6,820","6,610","68.34K","0.89%"
"2021년 12월 05일","6,760","6,760","6,760","6,760","-","0.00%"
"2021년 12월 03일","6,760","6,700","6,780","6,630","49.48K","1.50%"
"2021년 12월 02일","6,660","6,530","6,700","6,490","60.55K","1.99%"
"2021년 12월 01일","6,530","6,250","6,580","6,230","0.44K","3.98%"
"2021년 11월 30일","6,280","6,650","6,760","6,280","0.05K","-5.56%"
"2021년 11월 29일","6,650","6,610","6,830","6,420","168.63K","-4.86%"
"2021년 11월 26일","6,990","7,110","7,110","6,950","88.47K","-1.13%"
"2021년 11월 25일","7,070","7,070","7,180","7,060","61.01K","0.00%"
"2021년 11월 24일","7,070","7,230","7,270","7,020","0.14K","-0.84%"
"2021년 11월 23일","7,130","7,110","7,250","7,060","85.79K","0.28%"
"2021년 11월 22일","7,110","7,010","7,110","6,990","0.03K","0.00%"
"2021년 11월 19일","7,110","7,060","7,110","6,920","93.11K","0.99%"
"2021년 11월 18일","7,040","7,130","7,190","7,010","159.16K","-2.49%"
"2021년 11월 17일","7,220","7,390","7,400","7,160","112.93K","-2.17%"
"2021년 11월 16일","7,380","7,460","7,460","7,370","0.02K","-0.94%"
"2021년 11월 15일","7,450","7,350","7,450","7,350","60.63K","0.95%"
"2021년 11월 12일","7,380","7,220","7,440","7,220","90.82K","0.96%"
"2021년 11월 11일","7,310","7,390","7,500","7,300","147.04K","-2.53%"
"2021년 11월 10일","7,500","7,790","7,800","7,440","170.44K","-2.22%"
"2021년 11월 09일","7,670","7,680","7,760","7,630","0.04K","-0.52%"
"2021년 11월 08일","7,710","7,610","7,710","7,500","0.26K","3.63%"
"2021년 11월 05일","7,440","7,570","7,610","7,370","159.25K","-2.36%"
"2021년 11월 04일","7,620","7,670","7,690","7,600","0.02K","-1.42%"
"2021년 11월 03일","7,730","7,800","7,830","7,690","0.03K","-0.90%"
"2021년 11월 02일","7,800","7,690","7,840","7,690","0.04K","1.17%"
"2021년 11월 01일","7,710","7,610","7,790","7,580","0.28K","0.92%"
"2021년 10월 31일","7,640","7,640","7,640","7,640","-","0.00%"
"2021년 10월 29일","7,640","7,790","7,800","7,580","229.84K","-1.55%"
"2021년 10월 28일","7,760","7,890","7,990","7,740","0.00K","-3.12%"
"2021년 10월 27일","8,010","8,050","8,090","7,960","0.07K","0.38%"
"2021년 10월 26일","7,980","7,970","8,150","7,890","325.83K","-0.13%"
"2021년 10월 25일","7,990","8,000","8,070","7,850","12.58K","1.78%"
"2021년 10월 22일","7,850","8,110","8,140","7,850","526.56K","-4.50%"
"2021년 10월 21일","8,220","8,200","8,330","8,140","1.01K","1.36%"
"2021년 10월 20일","8,110","8,280","8,330","8,100","308.00K","-1.82%"
"2021년 10월 19일","8,260","8,370","8,380","8,130","494.81K","-1.31%"
"2021년 10월 18일","8,370","8,620","8,620","8,360","4.55K","0.12%"
"2021년 10월 15일","8,360","8,450","8,470","8,210","864.78K","0.12%"
"2021년 10월 14일","8,350","8,160","8,360","8,110","692.28K","1.58%"
"2021년 10월 13일","8,220","8,210","8,240","8,020","1.48K","1.23%"
"2021년 10월 12일","8,120","8,570","8,750","8,090","1.64K","4.64%"
"2021년 10월 08일","7,760","7,770","7,840","7,590","743.08K","1.17%"
"2021년 10월 07일","7,670","7,640","7,770","7,540","932.87K","-4.60%"
"2021년 10월 06일","8,040","8,350","8,400","7,600","0.17K","0.37%"
"2021년 10월 05일","8,010","8,600","9,340","8,010","0.23K","2.30%"
"2021년 10월 04일","7,830","7,830","7,830","7,830","-","0.00%"
"2021년 10월 01일","7,830","8,010","8,080","7,770","442.74K","-2.13%"
"2021년 09월 30일","8,000","8,050","8,070","7,910","1.90K","0.38%"
"2021년 09월 29일","7,970","7,840","8,190","7,830","0.20K","-0.99%"
"2021년 09월 28일","8,050","8,280","8,330","7,940","0.47K","2.55%"
"2021년 09월 27일","7,850","7,480","8,400","7,410","5.28M","5.80%"
"2021년 09월 24일","7,420","7,340","7,500","7,300","318.89K","1.50%"
"2021년 09월 23일","7,310","7,600","7,670","7,310","462.02K","-3.82%"
"2021년 09월 22일","7,600","7,600","7,600","7,600","-","0.00%"
"2021년 09월 17일","7,600","7,770","7,870","7,600","936.05K","-3.18%"
"2021년 09월 16일","7,850","7,820","9,000","7,790","11.30M","4.53%"
"2021년 09월 15일","7,510","7,590","7,610","7,450","122.93K","-0.27%"
"2021년 09월 14일","7,530","7,360","7,620","7,360","222.91K","2.45%"
"2021년 09월 13일","7,350","7,390","7,460","7,250","53.13K","-1.08%"
"2021년 09월 12일","7,430","7,430","7,430","7,430","-","0.00%"
"2021년 09월 10일","7,430","7,330","7,430","7,330","57.23K","0.41%"
"2021년 09월 09일","7,400","7,480","7,520","7,370","0.00K","-1.07%"
"2021년 09월 08일","7,480","7,480","7,550","7,380","93.05K","0.00%"
"2021년 09월 07일","7,480","7,420","7,510","7,400","67.79K","0.54%"
"2021년 09월 06일","7,440","7,440","7,490","7,410","54.34K","-0.67%"
"2021년 09월 05일","7,490","7,490","7,490","7,490","-","0.00%"
"2021년 09월 03일","7,490","7,550","7,550","7,440","131.70K","0.94%"
"2021년 09월 02일","7,420","7,450","7,490","7,350","65.11K","-0.40%"
"2021년 09월 01일","7,450","7,420","7,480","7,350","0.02K","0.40%"
"2021년 08월 31일","7,420","7,480","7,550","7,390","0.03K","-0.67%"
"2021년 08월 30일","7,470","7,500","7,770","7,340","388.33K","-0.13%"
"2021년 08월 29일","7,480","7,480","7,480","7,480","-","0.00%"
"2021년 08월 27일","7,480","7,140","7,680","7,140","445.85K","4.76%"
"2021년 08월 26일","7,140","7,200","7,280","7,120","69.38K","-0.83%"
"2021년 08월 25일","7,200","7,400","7,410","7,130","88.97K","0.14%"
"2021년 08월 24일","7,190","7,170","7,250","7,070","116.34K","4.20%"
"2021년 08월 23일","6,900","6,810","7,020","6,770","0.10K","1.47%"
"2021년 08월 20일","6,800","7,070","7,170","6,740","160.34K","-3.68%"
"2021년 08월 19일","7,060","7,200","7,380","7,060","0.19K","-2.49%"
"2021년 08월 18일","7,240","7,050","7,410","7,050","121.60K","1.54%"
"2021년 08월 17일","7,130","7,490","7,510","7,130","171.41K","-5.31%"
"2021년 08월 16일","7,530","7,530","7,530","7,530","-","0.00%"
"2021년 08월 13일","7,530","7,750","7,750","7,390","165.67K","-2.21%"
"2021년 08월 12일","7,700","7,760","7,840","7,700","103.36K","-0.39%"
"2021년 08월 11일","7,730","7,700","8,040","7,700","321.66K","-0.90%"
"2021년 08월 10일","7,800","7,750","7,830","7,680","0.40K","0.39%"
"2021년 08월 09일","7,770","7,900","7,990","7,760","0.00K","-2.02%"
"2021년 08월 08일","7,930","7,930","7,930","7,930","-","0.00%"
"2021년 08월 06일","7,930","7,970","8,080","7,920","324.57K","-0.25%"
"2021년 08월 05일","7,950","8,040","8,060","7,950","0.71K","-1.73%"
"2021년 08월 04일","8,090","7,990","8,090","7,940","477.44K","0.12%"
"2021년 08월 03일","8,080","7,730","9,130","7,630","0.49K","4.53%"
"2021년 08월 02일","7,730","7,750","7,830","7,710","66.24K","-0.26%"
"2021년 07월 30일","7,750","7,850","7,930","7,720","91.16K","-1.65%"
"2021년 07월 29일","7,880","7,870","7,930","7,840","0.09K","0.13%"
"2021년 07월 28일","7,870","7,940","7,980","7,820","83.79K","-0.76%"
"2021년 07월 27일","7,930","7,870","7,980","7,860","104.92K","0.25%"
"2021년 07월 26일","7,910","8,010","8,010","7,870","0.02K","-0.88%"
"2021년 07월 23일","7,980","8,000","8,090","7,910","100.94K","-0.25%"
"2021년 07월 22일","8,000","8,100","8,100","7,950","0.94K","1.01%"
"2021년 07월 21일","7,920","8,050","8,100","7,920","111.73K","-0.75%"
"2021년 07월 20일","7,980","7,840","8,030","7,820","237.94K","-1.97%"
"2021년 07월 19일","8,140","8,240","8,260","8,130","0.02K","-2.05%"
"2021년 07월 18일","8,310","8,310","8,310","8,310","-","0.00%"
"2021년 07월 16일","8,310","8,270","8,330","8,220","156.46K","-0.48%"
"2021년 07월 15일","8,350","8,390","8,440","8,300","0.00K","-2.22%"
"2021년 07월 14일","8,540","8,670","8,670","8,540","0.18K","-1.50%"
"2021년 07월 13일","8,670","8,510","8,670","8,510","1.27K","1.88%"
"2021년 07월 12일","8,510","8,450","8,630","8,450","0.12K","0.83%"
"2021년 07월 09일","8,440","8,410","8,560","8,310","386.89K","-1.52%"
"2021년 07월 08일","8,570","8,880","8,880","8,540","0.77K","-4.03%"
"2021년 07월 07일","8,930","8,880","9,070","8,870","5.89K","-3.35%"
"2021년 07월 06일","9,240","9,090","9,260","8,920","10.44K","5.24%"
"2021년 07월 05일","8,780","8,840","8,940","8,700","0.01K","-1.35%"
"2021년 07월 04일","8,900","8,900","8,900","8,900","-","0.00%"
"2021년 07월 02일","8,900","9,400","9,400","8,860","1.92M","-0.78%"
"2021년 07월 01일","8,970","8,800","8,970","8,730","0.00K","2.40%"
"2021년 06월 30일","8,760","8,720","8,820","8,660","263.19K","0.81%"
"2021년 06월 29일","8,690","8,750","8,750","8,630","0.02K","-1.70%"
"2021년 06월 28일","8,840","8,770","8,940","8,770","1.76K","0.91%"
"2021년 06월 25일","8,760","8,590","8,800","8,590","316.31K","1.27%"
"2021년 06월 24일","8,650","8,870","8,900","8,620","367.36K","-1.48%"
"2021년 06월 23일","8,780","8,680","8,900","8,670","639.18K","1.15%"
"2021년 06월 22일","8,680","9,010","9,010","8,680","0.77K","-0.34%"
"2021년 06월 21일","8,710","8,490","8,900","8,370","1.19M","2.59%"
"2021년 06월 20일","8,490","8,490","8,490","8,490","-","0.00%"
"2021년 06월 18일","8,490","8,540","8,560","8,450","382.28K","-1.62%"
"2021년 06월 17일","8,630","8,650","8,690","8,590","0.01K","0.00%"
"2021년 06월 16일","8,630","8,710","9,050","8,630","2.60K","2.49%"
"2021년 06월 15일","8,420","8,390","8,450","8,360","193.04K","0.12%"
"2021년 06월 14일","8,410","8,280","8,430","8,280","0.45K","1.94%"
"2021년 06월 13일","8,250","8,250","8,250","8,250","-","0.00%"
"2021년 06월 11일","8,250","8,290","8,370","8,210","232.61K","-0.84%"
"2021년 06월 10일","8,320","8,330","8,390","8,290","331.23K","-1.77%"
"2021년 06월 09일","8,470","8,790","8,790","8,470","1.02K","0.95%"
"2021년 06월 08일","8,390","8,490","8,490","8,300","0.07K","-1.76%"
"2021년 06월 07일","8,540","8,780","8,810","8,530","0.12K","-1.50%"
"2021년 06월 04일","8,670","8,780","8,860","8,620","568.65K","-2.36%"
"2021년 06월 03일","8,880","8,860","9,180","8,800","8.83K","3.26%"
"2021년 06월 02일","8,600","9,000","9,050","8,560","0.05K","0.58%"
"2021년 06월 01일","8,550","8,460","8,570","8,330","2.00K","1.54%"
"2021년 05월 31일","8,420","8,410","8,630","8,350","745.91K","0.96%"
"2021년 05월 28일","8,340","8,370","8,740","8,310","1.50M","2.08%"
"2021년 05월 27일","8,170","8,290","8,370","8,170","0.03K","-1.21%"
"2021년 05월 26일","8,270","8,350","8,440","8,160","638.50K","-0.84%"
"2021년 05월 25일","8,340","8,370","8,990","8,300","1.29K","4.12%"
"2021년 05월 24일","8,010","7,900","8,310","7,900","1.01M","1.39%"
"2021년 05월 23일","7,900","7,900","7,900","7,900","-","0.00%"
"2021년 05월 21일","7,900","8,150","8,180","7,880","876.49K","-4.59%"
"2021년 05월 20일","8,280","8,520","8,520","8,260","2.78K","-5.69%"
"2021년 05월 19일","8,780","8,780","8,780","8,780","-","0.00%"
"2021년 05월 18일","8,780","8,920","9,490","8,750","5.06M","-0.45%"
"2021년 05월 17일","8,820","8,640","9,270","8,450","5.69K","4.13%"
"2021년 05월 16일","8,470","8,470","8,470","8,470","-","0.00%"
"2021년 05월 14일","8,470","9,000","9,030","8,390","2.86M","-10.08%"
"2021년 05월 13일","9,420","8,940","10,200","8,940","1.84K","10.95%"
"2021년 05월 12일","8,490","8,690","9,880","8,260","43.01K","0.83%"
"2021년 05월 11일","8,420","8,630","8,670","8,330","0.52K","-5.61%"
"2021년 05월 10일","8,920","8,170","9,100","8,080","7.33K","12.20%"
"2021년 05월 09일","7,950","7,950","7,950","7,950","-","0.00%"
"2021년 05월 07일","7,950","8,110","8,130","7,850","848.14K","-2.93%"
"2021년 05월 06일","8,190","7,810","8,350","7,810","3.40M","5.13%"
"2021년 05월 05일","7,790","7,790","7,790","7,790","-","0.00%"
"2021년 05월 04일","7,790","8,020","8,420","7,750","7.90M","-2.99%"
"2021년 05월 03일","8,030","7,550","8,100","7,550","2.77M","4.56%"
"2021년 05월 02일","7,680","7,680","7,680","7,680","-","0.00%"
"2021년 04월 30일","7,680","7,870","7,930","7,570","883.82K","-1.03%"
"2021년 04월 29일","7,760","7,530","7,890","7,400","2.67M","4.72%"
"2021년 04월 28일","7,410","7,450","7,570","7,350","442.46K","0.27%"
"2021년 04월 27일","7,390","7,500","7,520","7,300","302.06K","-1.20%"
"2021년 04월 26일","7,480","7,450","7,570","7,450","321.93K","0.54%"
"2021년 04월 23일","7,440","7,330","7,500","7,320","273.06K","0.27%"
"2021년 04월 22일","7,420","7,400","7,450","7,350","344.67K","0.13%"
"2021년 04월 21일","7,410","7,600","7,600","7,380","506.53K","-3.14%"
"2021년 04월 20일","7,650","7,380","7,650","7,370","552.00K","1.86%"
"2021년 04월 19일","7,510","7,680","7,900","7,500","1.94M","-1.70%"
"2021년 04월 18일","7,640","7,640","7,640","7,640","-","0.00%"
"2021년 04월 16일","7,640","7,600","8,000","7,570","3.97M","1.19%"
"2021년 04월 15일","7,550","7,400","8,670","7,400","19.93M","4.72%"
"2021년 04월 14일","7,210","7,240","7,270","7,130","241.89K","0.00%"
"2021년 04월 13일","7,210","7,180","7,230","7,070","293.63K","1.26%"
"2021년 04월 12일","7,120","7,100","7,130","7,050","108.99K","0.28%"
"2021년 04월 09일","7,100","7,090","7,150","7,080","125.62K","0.00%"
"2021년 04월 08일","7,100","7,140","7,200","7,040","197.14K","0.00%"
"2021년 04월 07일","7,100","7,120","7,170","7,090","171.43K","-0.28%"
"2021년 04월 06일","7,120","7,200","7,220","7,090","327.93K","-1.52%"
"2021년 04월 05일","7,230","7,280","7,390","7,190","257.27K","-0.55%"
"2021년 04월 02일","7,270","7,300","7,410","7,250","508.10K","0.83%"
"2021년 04월 01일","7,210","7,210","7,280","7,200","204.67K","-0.55%"
"2021년 03월 31일","7,250","7,200","7,290","7,160","442.51K","0.14%"
"2021년 03월 30일","7,240","7,380","7,380","7,210","595.96K","-1.76%"
"2021년 03월 29일","7,370","7,600","8,250","7,360","7.48M","-1.34%"
"2021년 03월 26일","7,470","7,310","7,570","7,200","947.79K","2.19%"
"2021년 03월 25일","7,310","7,750","7,800","7,310","1.74M","1.53%"
"2021년 03월 24일","7,200","7,010","7,700","7,000","1.45M","0.56%"
"2021년 03월 23일","7,160","7,270","7,290","7,150","332.00K","-2.45%"
"2021년 03월 22일","7,340","7,390","7,420","7,150","588.68K","1.66%"
"2021년 03월 21일","7,220","7,220","7,220","7,220","-","0.00%"
"2021년 03월 19일","7,220","7,060","7,250","7,040","460.77K","-1.90%"
"2021년 03월 18일","7,360","7,460","7,460","7,260","445.13K","-1.21%"
"2021년 03월 17일","7,450","7,520","7,520","7,380","400.39K","-1.06%"
"2021년 03월 16일","7,530","7,600","7,850","7,420","2.01M","0.27%"
"2021년 03월 15일","7,510","7,410","7,550","7,310","475.95K","0.81%"
"2021년 03월 14일","7,450","7,450","7,450","7,450","-","0.00%"
"2021년 03월 12일","7,450","7,490","7,530","7,360","588.93K","1.22%"
"2021년 03월 11일","7,360","7,280","7,560","7,270","1.18M","2.08%"
"2021년 03월 10일","7,210","7,530","7,800","7,210","1.33M","-7.80%"
"2021년 03월 09일","7,820","7,580","7,820","7,400","1.44M","-0.76%"
"2021년 03월 08일","7,880","7,950","8,340","7,800","7.53M","7.07%"
"2021년 03월 07일","7,360","7,360","7,360","7,360","-","0.00%"
"2021년 03월 05일","7,360","8,310","8,780","7,310","14.50M","1.80%"
"2021년 03월 04일","7,230","7,300","7,660","7,160","2.58M","0.84%"
"2021년 03월 03일","7,170","7,400","7,430","7,100","1.65M","-4.78%"
"2021년 03월 02일","7,530","7,700","7,780","7,410","2.67M","-3.71%"
"2021년 03월 01일","7,820","7,820","7,820","7,820","-","0.00%"
"2021년 02월 26일","7,820","6,750","8,620","6,750","30.76M","12.03%"
"2021년 02월 25일","6,980","6,970","7,400","6,800","1.36M","3.71%"
"2021년 02월 24일","6,730","7,150","7,160","6,680","662.13K","-5.87%"
"2021년 02월 23일","7,150","7,160","7,870","7,020","6.63M","3.32%"
"2021년 02월 22일","6,920","6,840","6,960","6,810","160.60K","1.32%"
"2021년 02월 19일","6,830","7,110","7,110","6,810","302.89K","-4.48%"
"2021년 02월 18일","7,150","7,450","7,470","7,140","743.74K","-1.65%"
"2021년 02월 17일","7,270","7,410","7,440","7,150","732.45K","-0.41%"
"2021년 02월 16일","7,300","6,980","7,330","6,950","1.22M","5.34%"
"2021년 02월 15일","6,930","6,980","7,120","6,900","279.35K","0.43%"
"2021년 02월 14일","6,900","6,900","6,900","6,900","-","0.00%"
"2021년 02월 10일","6,900","7,000","7,040","6,550","177.64K","0.29%"
"2021년 02월 09일","6,880","6,960","7,090","6,880","268.33K","0.88%"
"2021년 02월 08일","6,820","6,840","7,000","6,700","192.21K","-0.15%"
"2021년 02월 05일","6,830","7,080","7,090","6,830","160.85K","-1.87%"
"2021년 02월 04일","6,960","6,900","7,300","6,820","995.84K","2.96%"
"2021년 02월 03일","6,760","6,670","6,770","6,570","175.32K","3.21%"
"2021년 02월 02일","6,550","6,420","6,580","6,400","98.46K","2.34%"
"2021년 02월 01일","6,400","6,340","6,440","6,150","121.30K","0.95%"
"2021년 01월 31일","6,340","6,340","6,340","6,340","-","0.00%"
"2021년 01월 29일","6,340","6,710","6,730","6,160","194.52K","-2.61%"
"2021년 01월 28일","6,510","6,660","6,730","6,510","149.14K","-3.98%"
"2021년 01월 27일","6,780","6,820","6,830","6,700","146.80K","0.44%"
"2021년 01월 26일","6,750","6,940","6,980","6,730","183.74K","-2.03%"
"2021년 01월 25일","6,890","7,020","7,030","6,880","193.52K","-1.57%"
"2021년 01월 22일","7,000","7,010","7,050","6,970","133.59K","0.00%"
"2021년 01월 21일","7,000","7,060","7,220","7,000","214.39K","-0.57%"
"2021년 01월 20일","7,040","7,030","7,100","7,000","107.56K","0.28%"
"2021년 01월 19일","7,020","7,130","7,170","6,930","214.98K","-1.54%"
"2021년 01월 18일","7,130","7,000","7,290","6,990","221.97K","-2.06%"
"2021년 01월 15일","7,280","7,480","7,490","7,220","142.20K","-1.22%"
"2021년 01월 14일","7,370","7,460","7,510","7,330","275.34K","-1.47%"
"2021년 01월 13일","7,480","7,590","7,600","7,380","266.24K","1.22%"
"2021년 01월 12일","7,390","7,270","7,440","7,200","442.79K","1.65%"
"2021년 01월 11일","7,270","7,540","7,610","7,210","505.17K","-3.20%"
"2021년 01월 10일","7,510","7,510","7,510","7,510","-","0.00%"
"2021년 01월 08일","7,510","7,600","7,830","7,370","1.02M","-0.53%"
"2021년 01월 07일","7,550","7,410","7,610","7,340","1.04M","3.00%"
"2021년 01월 06일","7,330","7,900","8,290","7,330","5.55M","0.55%"
"2021년 01월 05일","7,290","7,590","7,640","7,250","747.05K","-0.41%"
"2021년 01월 04일","7,320","7,300","7,490","7,100","444.43K","1.39%"
"2020년 12월 30일","7,220","7,000","7,230","6,990","159.32K","3.44%"
"2020년 12월 29일","6,980","6,910","7,120","6,800","110.73K","0.87%"
"2020년 12월 28일","6,920","7,050","7,180","6,910","138.43K","-1.84%"
"2020년 12월 24일","7,050","7,190","7,210","7,000","182.82K","1.15%"
"2020년 12월 23일","6,970","7,060","7,250","6,970","221.25K","-1.97%"
"2020년 12월 22일","7,110","7,450","7,450","7,050","277.52K","-4.95%"
"2020년 12월 21일","7,480","7,550","7,570","7,390","184.91K","-0.80%"
"2020년 12월 20일","7,540","7,540","7,540","7,540","-","0.00%"
"2020년 12월 18일","7,540","7,510","7,580","7,450","235.92K","1.21%"
"2020년 12월 17일","7,450","7,510","7,530","7,410","189.32K","-0.53%"
"2020년 12월 16일","7,490","7,410","7,570","7,410","239.11K","0.27%"
"2020년 12월 15일","7,470","7,580","7,620","7,430","338.03K","-1.06%"
"2020년 12월 14일","7,550","7,500","7,930","7,360","1.52M","1.75%"
"2020년 12월 13일","7,420","7,420","7,420","7,420","-","0.00%"
"2020년 12월 11일","7,420","7,510","8,260","7,400","2.62M","1.23%"
"2020년 12월 10일","7,330","7,280","7,340","7,150","126.81K","0.41%"
"2020년 12월 09일","7,300","7,210","7,450","7,150","246.20K","1.81%"
"2020년 12월 08일","7,170","7,310","7,430","7,160","297.64K","-3.63%"
"2020년 12월 07일","7,440","7,350","7,500","7,330","346.38K","0.27%"
"2020년 12월 04일","7,420","7,580","7,580","7,270","462.03K","-1.20%"
"2020년 12월 03일","7,510","7,650","7,690","7,500","531.79K","-0.40%"
"2020년 12월 02일","7,540","7,490","7,630","7,390","818.38K","1.07%"
"2020년 12월 01일","7,460","7,420","7,800","7,360","1.24M","-0.53%"
"2020년 11월 30일","7,500","7,370","7,630","7,210","1.91M","2.46%"
"2020년 11월 29일","7,320","7,320","7,320","7,320","-","0.00%"
"2020년 11월 27일","7,320","7,430","7,500","7,270","972.22K","-3.05%"
"2020년 11월 26일","7,550","6,880","7,820","6,720","8.62M","10.06%"
"2020년 11월 25일","6,860","6,780","7,820","6,640","9.59M","5.21%"
"2020년 11월 24일","6,520","6,380","6,740","6,340","1.99M","3.66%"
"2020년 11월 23일","6,290","6,350","6,350","6,240","118.51K","-0.63%"
"2020년 11월 20일","6,330","6,290","6,330","6,280","107.04K","0.64%"
"2020년 11월 19일","6,290","6,280","6,350","6,260","131.44K","0.00%"
"2020년 11월 18일","6,290","6,380","6,430","6,290","265.88K","-0.32%"
"2020년 11월 17일","6,310","6,370","6,570","6,230","579.06K","0.96%"
"2020년 11월 16일","6,250","6,250","6,290","6,210","163.32K","-0.64%"
"2020년 11월 13일","6,290","6,220","6,300","6,140","231.56K","0.96%"
"2020년 11월 12일","6,230","6,400","6,400","6,200","301.91K","-1.11%"
"2020년 11월 11일","6,300","6,300","6,480","6,290","433.00K","0.80%"
"2020년 11월 10일","6,250","6,720","6,780","6,250","1.84M","2.12%"
"2020년 11월 09일","6,120","6,050","6,120","6,040","259.46K","0.66%"
"2020년 11월 08일","6,080","6,080","6,080","6,080","-","0.00%"
"2020년 11월 06일","6,080","6,120","6,130","6,010","371.36K","-1.14%"
"2020년 11월 05일","6,150","6,120","6,230","5,850","1.32M","-4.35%"
"2020년 11월 04일","6,430","6,140","7,100","6,030","6.95M","5.93%"
"2020년 11월 03일","6,070","6,480","6,750","6,050","735.76K","2.02%"
"2020년 11월 02일","5,950","5,880","5,950","5,850","63.40K","0.34%"
"2020년 10월 30일","5,930","5,990","5,990","5,930","52.82K","-1.66%"
"2020년 10월 29일","6,030","5,960","6,040","5,900","63.66K","-0.17%"
"2020년 10월 28일","6,040","5,900","6,040","5,900","57.53K","1.85%"
"2020년 10월 27일","5,930","5,920","6,240","5,920","247.79K","-0.34%"
"2020년 10월 26일","5,950","6,130","6,230","5,950","131.65K","-2.94%"
"2020년 10월 23일","6,130","6,100","6,240","6,030","98.86K","0.49%"
"2020년 10월 22일","6,100","6,060","6,150","6,060","75.62K","-1.13%"
"2020년 10월 21일","6,170","6,100","6,200","6,040","71.78K","1.15%"
"2020년 10월 20일","6,100","6,400","6,500","6,080","579.22K","-0.81%"
"2020년 10월 19일","6,150","6,050","6,150","5,950","94.97K","1.65%"
"2020년 10월 16일","6,050","6,100","6,120","5,970","108.15K","-0.49%"
"2020년 10월 15일","6,080","6,130","6,160","6,000","156.83K","-0.49%"
"2020년 10월 14일","6,110","6,290","6,290","6,110","124.24K","-1.61%"
"2020년 10월 13일","6,210","6,290","6,290","6,160","92.69K","-0.64%"
"2020년 10월 12일","6,250","6,270","6,300","6,170","88.57K","-0.32%"
"2020년 10월 08일","6,270","6,360","6,410","6,220","146.09K","-1.26%"
"2020년 10월 07일","6,350","6,280","6,350","6,230","151.01K","1.93%"
"2020년 10월 06일","6,230","6,400","6,560","6,190","490.08K","-0.32%"
"2020년 10월 05일","6,250","6,090","6,270","6,080","187.64K","-0.16%"
"2020년 09월 29일","6,260","6,210","6,440","6,150","528.15K","3.30%"
"2020년 09월 28일","6,060","5,910","6,090","5,910","137.33K","2.19%"
"2020년 09월 25일","5,930","5,930","6,070","5,810","184.53K","0.17%"
"2020년 09월 24일","5,920","6,000","6,080","5,860","301.09K","-2.79%"
"2020년 09월 23일","6,090","6,230","6,300","6,060","250.31K","-1.62%"
"2020년 09월 22일","6,190","6,260","6,390","6,180","468.84K","-3.73%"
"2020년 09월 21일","6,430","6,570","6,930","6,360","1.41M","-2.43%"
"2020년 09월 20일","6,590","6,590","6,590","6,590","-","0.00%"
"2020년 09월 18일","6,590","6,750","6,980","6,350","1.60M","-1.35%"
"2020년 09월 17일","6,680","6,200","7,580","6,170","14.54M","9.51%"
"2020년 09월 16일","6,100","6,000","6,500","5,960","565.27K","1.84%"
"2020년 09월 15일","5,990","6,030","6,030","5,960","58.70K","-0.50%"
"2020년 09월 14일","6,020","5,970","6,050","5,900","72.20K","0.50%"
"2020년 09월 11일","5,990","5,970","6,060","5,960","76.50K","-0.33%"
"2020년 09월 10일","6,010","6,040","6,040","5,960","58.18K","0.33%"
"2020년 09월 09일","5,990","5,910","6,060","5,900","78.21K","-0.66%"
"2020년 09월 08일","6,030","6,000","6,070","6,000","62.52K","0.00%"
"2020년 09월 07일","6,030","5,950","6,100","5,900","103.21K","1.34%"
"2020년 09월 06일","5,950","5,950","5,950","5,950","-","0.00%"
"2020년 09월 04일","5,950","5,820","6,000","5,820","89.95K","-1.82%"
"2020년 09월 03일","6,060","6,030","6,080","6,000","75.08K","0.50%"
"2020년 09월 02일","6,030","6,000","6,060","5,990","70.56K","0.50%"
"2020년 09월 01일","6,000","6,080","6,080","5,970","70.36K","-0.99%"
"2020년 08월 31일","6,060","6,030","6,130","5,970","87.35K","0.50%"
"2020년 08월 28일","6,030","6,110","6,120","6,000","103.94K","-1.31%"
"2020년 08월 27일","6,110","6,140","6,200","6,000","101.09K","-0.49%"
"2020년 08월 26일","6,140","6,100","6,250","6,040","112.68K","1.99%"
"2020년 08월 25일","6,020","6,020","6,140","5,780","153.96K","0.67%"
"2020년 08월 24일","5,980","6,030","6,030","5,840","71.36K","-0.17%"
"2020년 08월 21일","5,990","5,990","6,090","5,890","87.26K","0.00%"
"2020년 08월 20일","5,990","6,370","6,390","5,860","233.06K","-4.77%"
"2020년 08월 19일","6,290","6,390","6,410","6,220","89.00K","0.96%"
"2020년 08월 18일","6,230","6,670","6,670","6,160","285.38K","-6.60%"
"2020년 08월 17일","6,670","6,670","6,670","6,670","-","0.00%"
"2020년 08월 14일","6,670","6,750","6,790","6,580","204.01K","-1.48%"
"2020년 08월 13일","6,770","6,750","6,880","6,700","311.26K","1.50%"
"2020년 08월 12일","6,670","6,700","6,740","6,620","219.52K","-0.60%"
"2020년 08월 11일","6,710","6,730","6,850","6,670","273.04K","-0.15%"
"2020년 08월 10일","6,720","6,850","6,850","6,650","661.28K","-5.62%"
"2020년 08월 09일","7,120","7,120","7,120","7,120","-","0.00%"
"2020년 08월 07일","7,120","6,850","7,790","6,700","2.70M","3.94%"
"2020년 08월 06일","6,850","6,980","6,980","6,760","212.64K","-0.15%"
"2020년 08월 05일","6,860","6,770","7,120","6,700","733.06K","3.31%"
"2020년 08월 04일","6,640","6,640","6,680","6,570","135.01K","0.15%"
"2020년 08월 03일","6,630","6,770","6,780","6,620","136.56K","-2.07%"
"2020년 08월 02일","6,770","6,770","6,770","6,770","-","0.00%"
"2020년 07월 31일","6,770","6,750","6,910","6,700","115.07K","-0.29%"
"2020년 07월 30일","6,790","6,880","6,920","6,720","108.53K","-0.88%"
"2020년 07월 29일","6,850","6,730","6,850","6,720","136.52K","1.03%"
"2020년 07월 28일","6,780","6,980","7,000","6,780","237.58K","-1.45%"
"2020년 07월 27일","6,880","6,710","6,880","6,660","115.14K","2.99%"
"2020년 07월 24일","6,680","6,740","6,770","6,640","148.81K","-1.91%"
"2020년 07월 23일","6,810","6,890","6,900","6,770","111.80K","-0.44%"
"2020년 07월 22일","6,840","6,840","6,930","6,770","292.55K","1.79%"
"2020년 07월 21일","6,720","6,690","6,810","6,680","80.85K","0.45%"
"2020년 07월 20일","6,690","6,770","6,810","6,680","87.88K","-1.62%"
"2020년 07월 17일","6,800","6,880","6,880","6,790","63.98K","-0.73%"
"2020년 07월 16일","6,850","6,810","6,890","6,790","120.16K","0.15%"
"2020년 07월 15일","6,840","6,830","6,940","6,770","145.43K","0.29%"
"2020년 07월 14일","6,820","6,750","6,820","6,670","96.68K","0.74%"
"2020년 07월 13일","6,770","6,630","6,780","6,630","76.40K","1.65%"
"2020년 07월 10일","6,660","6,720","6,800","6,630","108.75K","-1.48%"
"2020년 07월 09일","6,760","6,760","6,860","6,740","96.33K","0.00%"
"2020년 07월 08일","6,760","6,730","6,760","6,690","85.36K","0.30%"
"2020년 07월 07일","6,740","6,700","6,860","6,700","156.83K","0.00%"
"2020년 07월 06일","6,740","6,750","6,830","6,730","81.39K","-0.15%"
"2020년 07월 03일","6,750","6,740","7,050","6,700","267.22K","-0.15%"
"2020년 07월 02일","6,760","6,710","6,810","6,700","92.07K","0.15%"
"2020년 07월 01일","6,750","6,790","6,920","6,680","159.15K","-0.44%"
"2020년 06월 30일","6,780","6,700","6,900","6,680","167.90K","2.26%"
"2020년 06월 29일","6,630","6,720","6,790","6,600","194.48K","-3.77%"
"2020년 06월 26일","6,890","6,860","6,970","6,820","127.29K","0.44%"
"2020년 06월 25일","6,860","6,840","6,980","6,830","136.88K","-2.00%"
"2020년 06월 24일","7,000","7,090","7,150","6,980","188.07K","-1.27%"
"2020년 06월 23일","7,090","7,120","7,270","7,010","170.45K","0.28%"
"2020년 06월 22일","7,070","7,250","7,260","7,040","154.75K","-1.67%"
"2020년 06월 21일","7,190","7,190","7,190","7,190","-","0.00%"
"2020년 06월 19일","7,190","7,360","7,360","7,180","233.53K","-0.69%"
"2020년 06월 18일","7,240","7,090","7,310","6,990","339.19K","2.12%"
"2020년 06월 17일","7,090","7,010","7,280","6,950","189.72K","-1.39%"
"2020년 06월 16일","7,190","6,770","7,190","6,770","255.39K","6.99%"
"2020년 06월 15일","6,720","7,360","7,400","6,660","360.19K","-8.32%"
"2020년 06월 14일","7,330","7,330","7,330","7,330","-","0.00%"
"2020년 06월 12일","7,330","7,000","7,350","7,000","373.69K","-4.06%"
"2020년 06월 11일","7,640","7,750","7,820","7,630","295.86K","-1.29%"
"2020년 06월 10일","7,740","7,810","7,820","7,700","234.25K","-0.64%"
"2020년 06월 09일","7,790","7,840","7,910","7,720","552.95K","-2.14%"
"2020년 06월 08일","7,960","8,300","8,330","7,930","2.11M","1.27%"
"2020년 06월 07일","7,860","7,860","7,860","7,860","-","0.00%"
"2020년 06월 05일","7,860","7,810","7,870","7,760","273.02K","0.77%"
"2020년 06월 04일","7,800","7,950","7,960","7,800","524.87K","-1.39%"
"2020년 06월 03일","7,910","7,920","8,460","7,810","3.65M","1.80%"
"2020년 06월 02일","7,770","7,830","7,830","7,710","262.74K","0.78%"
"2020년 06월 01일","7,710","7,770","7,860","7,700","490.37K","1.45%"
"2020년 05월 29일","7,600","7,680","8,230","7,540","2.17M","-0.52%"
"2020년 05월 28일","7,640","7,750","7,990","7,510","639.89K","-2.30%"
"2020년 05월 27일","7,820","8,100","8,110","7,800","682.66K","-1.01%"
"2020년 05월 26일","7,900","7,780","7,960","7,700","601.45K","1.80%"
"2020년 05월 25일","7,760","7,630","7,830","7,560","351.05K","1.84%"
"2020년 05월 24일","7,620","7,620","7,620","7,620","-","0.00%"
"2020년 05월 22일","7,620","7,950","7,960","7,610","569.67K","-3.54%"
"2020년 05월 21일","7,900","8,010","8,080","7,890","956.92K","0.13%"
"2020년 05월 20일","7,890","7,900","8,000","7,810","452.05K","-1.50%"
"2020년 05월 19일","8,010","8,380","8,400","8,000","1.89M","0.13%"
"2020년 05월 18일","8,000","7,950","8,120","7,850","2.04M","4.03%"
"2020년 05월 15일","7,690","7,850","7,900","7,500","1.11M","2.95%"
"2020년 05월 14일","7,470","7,590","7,610","7,400","378.77K","-1.58%"
"2020년 05월 13일","7,590","7,530","7,750","7,530","459.81K","-0.26%"
"2020년 05월 12일","7,610","7,780","7,840","7,410","512.02K","-1.68%"
"2020년 05월 11일","7,740","7,850","7,950","7,680","682.38K","-2.89%"
"2020년 05월 10일","7,970","7,970","7,970","7,970","-","0.00%"
"2020년 05월 08일","7,970","8,010","8,070","7,910","784.25K","-0.13%"
"2020년 05월 07일","7,980","8,030","8,340","7,830","1.58M","-0.50%"
"2020년 05월 06일","8,020","8,450","9,200","7,960","8.26M","2.17%"
"2020년 05월 04일","7,850","8,220","8,230","7,780","1.10M","-1.75%"
"2020년 05월 03일","7,990","7,990","7,990","7,990","-","0.00%"
"2020년 04월 29일","7,990","7,720","8,290","7,560","4.42M","5.41%"
"2020년 04월 28일","7,580","7,600","7,660","7,470","774.83K","-3.07%"
"2020년 04월 27일","7,820","7,930","7,950","7,620","813.55K","-0.64%"
"2020년 04월 26일","7,870","7,870","7,870","7,870","-","0.00%"
"2020년 04월 24일","7,870","8,220","8,400","7,700","2.27M","-1.38%"
"2020년 04월 23일","7,980","8,170","8,210","7,780","3.60M","5.14%"
"2020년 04월 22일","7,590","7,330","7,630","7,200","1.25M","-0.78%"
"2020년 04월 21일","7,650","6,990","7,700","6,940","3.24M","5.37%"
"2020년 04월 20일","7,260","7,240","7,400","7,230","789.58K","-2.29%"
"2020년 04월 19일","7,430","7,430","7,430","7,430","-","0.00%"
"2020년 04월 17일","7,430","7,350","7,450","7,270","847.42K","1.36%"
"2020년 04월 16일","7,330","7,110","7,400","7,010","1.18M","-2.01%"
"2020년 04월 15일","7,480","7,480","7,480","7,480","-","0.00%"
"2020년 04월 14일","7,480","7,350","7,950","7,050","3.77M","1.36%"
"2020년 04월 13일","7,380","8,410","8,800","7,230","4.97M","-9.45%"
"2020년 04월 12일","8,150","8,150","8,150","8,150","-","0.00%"
"2020년 04월 10일","8,150","7,830","9,150","7,800","7.77M","-8.32%"
"2020년 04월 09일","8,890","9,080","9,800","8,530","18.00M","6.47%"
"2020년 04월 08일","8,350","7,980","9,000","7,690","7.62M","0.00%"
"2020년 04월 07일","8,350","8,300","9,120","8,020","9.32M","-5.11%"
"2020년 04월 06일","8,800","7,020","8,800","6,900","26.50M","29.99%"
"2020년 04월 05일","6,770","6,770","6,770","6,770","-","0.00%"
"2020년 04월 03일","6,770","7,860","8,130","6,660","17.98M","3.04%"
"2020년 04월 02일","6,570","5,540","6,570","5,210","15.25M","29.84%"
"2020년 04월 01일","5,060","5,190","5,570","4,850","1.38M","-4.17%"
"2020년 03월 31일","5,280","4,840","5,430","4,730","2.28M","9.77%"
"2020년 03월 30일","4,810","4,480","4,810","4,410","818.16K","1.26%"
"2020년 03월 29일","4,750","4,750","4,750","4,750","-","0.00%"
"2020년 03월 27일","4,750","4,610","5,000","4,520","1.68M","3.71%"
"2020년 03월 26일","4,580","4,620","4,760","4,420","1.03M","2.12%"
"2020년 03월 25일","4,485","4,445","4,650","4,330","1.37M","3.94%"
"2020년 03월 24일","4,315","4,320","4,360","4,100","868.43K","6.54%"
"2020년 03월 23일","4,050","3,580","4,370","3,475","1.75M","1.89%"
"2020년 03월 22일","3,975","3,975","3,975","3,975","-","0.00%"
"2020년 03월 20일","3,975","3,860","4,155","3,700","1.96M","20.45%"
"2020년 03월 19일","3,300","3,830","3,900","3,040","539.38K","-13.50%"
"2020년 03월 18일","3,815","4,005","4,145","3,815","368.76K","-5.92%"
"2020년 03월 17일","4,055","3,515","4,080","3,510","378.25K","1.38%"
"2020년 03월 16일","4,000","4,130","4,300","4,000","499.15K","-3.15%"
"2020년 03월 15일","4,130","4,130","4,130","4,130","-","0.00%"
"2020년 03월 13일","4,130","4,160","4,305","3,715","715.89K","-10.61%"
"2020년 03월 12일","4,620","5,150","5,210","4,620","781.76K","-7.60%"
"2020년 03월 11일","5,000","5,230","5,260","4,900","824.72K","-0.20%"
"2020년 03월 10일","5,010","4,800","5,040","4,550","590.99K","0.00%"
"2020년 03월 09일","5,010","5,330","5,380","4,920","719.56K","-9.73%"
"2020년 03월 08일","5,550","5,550","5,550","5,550","-","0.00%"
"2020년 03월 06일","5,550","5,810","5,810","5,450","351.39K","-4.15%"
"2020년 03월 05일","5,790","5,680","5,790","5,650","256.52K","1.40%"
"2020년 03월 04일","5,710","5,520","5,820","5,520","229.47K","1.96%"
"2020년 03월 03일","5,600","5,770","5,850","5,550","309.38K","0.18%"
"2020년 03월 02일","5,590","5,150","5,750","5,150","494.10K","7.09%"
"2020년 03월 01일","5,220","5,220","5,220","5,220","-","0.00%"
"2020년 02월 28일","5,220","5,480","5,530","5,220","291.47K","-6.12%"
"2020년 02월 27일","5,560","5,770","5,810","5,490","268.66K","-3.47%"
"2020년 02월 26일","5,760","5,600","5,880","5,520","320.27K","0.70%"
"2020년 02월 25일","5,720","5,410","5,850","5,410","380.86K","4.00%"
"2020년 02월 24일","5,500","5,690","5,790","5,500","496.50K","-6.78%"
"2020년 02월 23일","5,900","5,900","5,900","5,900","-","0.00%"
"2020년 02월 21일","5,900","6,000","6,100","5,820","485.32K","-3.28%"
"2020년 02월 20일","6,100","6,250","6,260","6,080","530.31K","-1.45%"
"2020년 02월 19일","6,190","6,350","6,360","6,130","538.03K","-1.28%"
"2020년 02월 18일","6,270","6,290","6,530","6,170","1.39M","-0.48%"
"2020년 02월 17일","6,300","6,490","6,530","6,280","501.00K","-3.37%"
"2020년 02월 16일","6,520","6,520","6,520","6,520","-","0.00%"
"2020년 02월 14일","6,520","6,400","6,600","6,350","672.08K","2.03%"
"2020년 02월 13일","6,390","6,510","6,610","6,330","912.77K","0.16%"
"2020년 02월 12일","6,380","6,380","6,430","6,310","568.67K","1.11%"
"2020년 02월 11일","6,310","6,460","6,620","6,240","1.00M","-2.62%"
"2020년 02월 10일","6,480","6,600","6,620","6,460","501.27K","-1.67%"
"2020년 02월 09일","6,590","6,590","6,590","6,590","-","0.00%"
"2020년 02월 07일","6,590","6,610","6,670","6,460","824.61K","-1.35%"
"2020년 02월 06일","6,680","6,640","6,940","6,480","2.81M","1.37%"
"2020년 02월 05일","6,590","6,350","6,630","6,240","2.27M","4.77%"
"2020년 02월 04일","6,290","6,120","6,650","6,100","2.06M","3.11%"
"2020년 02월 03일","6,100","6,080","6,300","5,960","1.04M","-1.61%"
"2020년 02월 02일","6,200","6,200","6,200","6,200","-","0.00%"
"2020년 01월 31일","6,200","6,400","6,790","6,150","2.11M","-4.62%"
"2020년 01월 30일","6,500","6,380","6,980","6,140","4.12M","1.88%"
"2020년 01월 29일","6,380","6,230","7,050","6,050","5.62M","2.41%"
"2020년 01월 28일","6,230","6,340","6,340","5,740","1.58M","-4.74%"
"2020년 01월 27일","6,540","6,540","6,540","6,540","-","0.00%"
"2020년 01월 23일","6,540","6,210","7,160","6,150","6.38M","2.19%"
"2020년 01월 22일","6,400","6,620","6,620","6,350","2.00M","-5.47%"
"2020년 01월 21일","6,770","6,070","7,240","6,020","14.91M","11.53%"
"2020년 01월 20일","6,070","6,080","6,190","6,030","714.56K","0.00%"
"2020년 01월 19일","6,070","6,070","6,070","6,070","-","0.00%"
"2020년 01월 17일","6,070","6,120","6,130","6,000","494.18K","-0.49%"
"2020년 01월 16일","6,100","6,280","6,300","6,020","1.02M","-3.33%"
"2020년 01월 15일","6,310","6,370","6,510","6,280","1.43M","-0.63%"
"2020년 01월 14일","6,350","6,450","6,530","6,250","1.82M","-2.46%"
"2020년 01월 13일","6,510","6,510","6,800","6,220","4.09M","-3.41%"
"2020년 01월 12일","6,740","6,740","6,740","6,740","-","0.00%"
"2020년 01월 10일","6,740","6,800","6,800","6,580","1.07M","1.35%"
"2020년 01월 09일","6,650","6,910","7,130","6,650","2.48M","-30.00%"
"2020년 01월 08일","9,500","10,650","10,700","8,800","3.19M","-5.00%"
"2020년 01월 07일","10,000","9,330","11,900","8,360","35.19M","6.16%"
"2020년 01월 06일","9,420","8,940","9,420","8,850","12.41M","29.93%"
"2020년 01월 05일","7,250","7,250","7,250","7,250","-","0.00%"
"2020년 01월 03일","7,250","5,620","7,250","5,530","22.87M","29.93%"
"2020년 01월 02일","5,580","5,470","5,820","5,410","1.43M","4.10%"